,DATE,TIME,STADIUM,CLASS,ATTENDANCE,HOME TEAM,HOME TEAM GOALS,AWAY TEAM,AWAY TEAM GOALS,HOME POSSESSIONS,AWAY POSSESSIONS,HOME SHOTS,AWAY SHOTS,HOME ON(SUBS),AWAY ON(SUBS),HOME OFF(SUBS),AWAY OFF(SUBS),HOME BLOCKED SHOTS,AWAY BLOCKED SHOTS,HOME PASSES,AWAY PASSES,HOME CHANCES,AWAY CHANCES,HOME CORNERS,AWAY CORNERS,HOME OFFSIDES,AWAY OFFSIDES,HOME TACKLES,AWAY TACKLES,HOME DUELS WON,AWAY DUELS WON,HOME SAVES,AWAY SAVES,HOME FOULS,AWAY FOULS,HOME YELLOW CARDS,AWAY YELLOW CARDS,HOME RED CARDS,AWAY RED CARDS,YEAR,TOTAL GOALS,match_results
0,2023-05-28,4:30pm,Emirates Stadium,h,60095.0,2,5,13,0,51.0,49.0,14,6,8,0,4,4,2,2,89.0,88.0,3,0,8,4,1,0,82.4,44.4,47.8,52.2,0,3,8,11,0,0,0,0,2023,5,Home win
1,2023-05-28,4:30pm,Villa Park,h,42212.0,7,2,6,1,40.3,59.7,12,8,5,4,5,3,2,1,75.3,83.6,4,3,4,3,0,6,42.9,15.4,52.2,47.8,3,3,15,16,4,4,0,0,2023,3,Home win
2,2023-05-28,4:30pm,Gtech Community Stadium,h,17120.0,9,1,1,0,34.4,65.6,11,17,4,3,4,6,3,8,79.3,89.8,2,1,3,4,3,0,64.7,35.7,50.0,50.0,2,3,12,8,4,0,0,0,2023,1,Home win
3,2023-05-28,4:30pm,Stamford Bridge,d,40130.0,12,1,4,1,64.4,35.6,22,13,5,4,9,5,8,4,88.9,83.3,2,2,10,3,2,1,42.9,42.9,54.5,45.5,3,5,9,11,0,0,0,0,2023,2,Draw
4,2023-05-28,4:30pm,Selhurst Park,d,25198.0,11,1,16,1,66.0,34.0,15,7,3,4,8,2,4,1,85.7,69.9,1,0,5,4,2,2,40.0,52.6,58.3,41.7,3,2,9,13,0,2,0,0,2023,2,Draw
5,2023-05-28,4:30pm,Goodison Park,h,39201.0,17,1,15,0,37.8,62.2,13,7,6,2,5,3,2,2,73.1,83.9,0,0,9,3,0,1,50.0,58.3,53.8,46.2,1,5,11,12,1,3,0,0,2023,1,Home win
6,2023-05-28,4:30pm,Elland Road,a,36871.0,19,1,8,4,52.1,47.9,19,11,2,7,7,3,10,1,77.3,78.0,1,3,12,3,1,1,54.5,46.2,54.5,45.5,3,1,8,5,3,0,0,0,2023,5,Away win
7,2023-05-28,4:30pm,The King Power Stadium,h,32183.0,18,2,14,1,48.2,51.8,13,16,4,3,6,9,3,4,87.8,88.7,2,1,3,5,2,3,63.6,58.8,68.8,31.3,2,2,8,10,1,1,0,0,2023,3,Home win
8,2023-05-28,4:30pm,Old Trafford,h,32183.0,3,2,10,1,53.2,46.8,21,10,8,3,7,6,6,1,84.2,84.0,4,2,5,4,1,1,78.9,66.7,46.4,53.6,2,6,14,10,1,2,0,0,2023,3,Home win
9,2023-05-28,4:30pm,St. Mary's Stadium,d,31129.0,20,4,5,4,30.9,69.1,15,30,10,8,5,11,0,11,74.5,86.9,1,5,2,9,0,0,71.4,75.0,54.5,45.5,4,6,4,10,0,2,0,0,2023,8,Draw
10,2023-05-25,8:00pm,Old Trafford,h,73561.0,3,4,12,1,41.1,58.9,18,14,9,5,4,5,5,4,84.0,90.4,4,3,3,4,0,0,52.6,61.9,33.3,66.7,4,5,12,6,1,1,0,0,2023,5,Home win
11,2023-05-24,8:00pm,Amex Stadium,d,31388.0,6,1,1,1,39.6,60.4,20,13,7,4,6,6,7,3,84.2,89.0,2,3,5,1,2,0,50.0,33.3,42.9,57.1,3,6,16,11,2,1,0,0,2023,2,Draw
12,2023-05-20,12:30p,Tottenham Hotspur Stadium,a,61514.0,8,1,9,3,61.8,38.2,22,11,8,4,6,6,8,1,86.2,77.7,2,2,8,2,1,1,50.0,54.5,59.1,40.9,1,6,11,9,1,1,0,0,2023,4,Away win
13,2023-05-20,3:00pm,Vitality Stadium,a,10240.0,15,0,3,1,41.5,58.5,10,20,4,5,3,8,3,7,85.4,85.6,1,0,3,6,0,2,58.3,73.1,35.0,65.0,4,4,6,7,1,0,0,0,2023,1,Away win
14,2023-05-20,3:00pm,Craven Cottage,d,24356.0,10,2,11,2,49.5,50.5,11,11,4,5,3,3,4,3,75.3,78.4,2,1,7,4,2,2,43.8,33.3,52.0,48.0,3,2,13,12,3,0,0,0,2023,4,Draw
15,2023-05-20,3:00pm,Anfield,d,53306.0,5,1,7,1,66.3,33.7,10,6,5,3,1,2,4,1,84.3,66.7,1,2,9,4,4,1,61.1,51.7,65.0,35.0,2,4,16,13,3,5,0,0,2023,2,Draw
16,2023-05-20,3:00pm,Molineux,d,31684.0,13,1,17,1,53.2,46.8,13,19,5,4,6,9,2,6,78.7,75.9,0,3,1,7,1,0,41.7,52.6,37.5,62.5,3,4,18,10,5,1,0,0,2023,2,Draw
17,2023-05-20,5:30pm,The City Ground,h,29514.0,16,1,2,0,18.3,81.7,6,11,2,3,3,7,1,1,49.7,89.0,0,0,3,6,1,1,66.7,37.5,25.0,75.0,3,1,11,12,3,2,0,0,2023,1,Home win
18,2023-05-18,7:30pm,"St James' Park, Newcastle",h,52122.0,4,4,6,1,33.7,66.3,22,8,9,2,6,3,7,3,70.9,84.1,5,1,6,1,1,2,90.9,71.4,68.2,31.8,1,5,17,16,2,4,0,0,2023,5,Home win
19,2023-05-15,8:00pm,The King Power Stadium,a,32225.0,18,0,5,3,33.1,66.9,4,16,4,5,0,6,0,5,69.5,85.3,1,3,4,4,3,4,47.2,66.7,52.2,47.8,2,4,11,17,2,1,0,0,2023,3,Away win
20,2023-05-14,2:00pm,Gtech Community Stadium,h,17075.0,9,2,14,0,53.1,46.9,24,4,10,4,9,0,5,0,81.2,79.0,5,0,7,5,3,3,55.0,81.8,48.6,51.4,4,7,5,5,1,0,0,0,2023,2,Home win
21,2023-05-14,2:00pm,Goodison Park,a,39376.0,17,0,1,3,36.8,63.2,7,9,3,4,3,3,1,2,85.0,91.0,1,1,8,6,1,0,68.8,71.4,50.0,50.0,1,2,12,4,1,0,0,0,2023,3,Away win
22,2023-05-14,4:30pm,Emirates Stadium,a,60139.0,2,0,6,3,40.9,59.1,14,12,2,6,8,5,4,1,76.7,83.4,1,2,5,2,1,4,30.0,60.0,42.1,57.9,3,2,13,17,1,2,0,0,2023,3,Away win
23,2023-05-13,12:30p,Elland Road,d,36955.0,19,2,4,2,36.1,63.9,9,18,4,5,3,7,2,6,64.4,80.8,0,0,2,6,0,2,52.2,57.1,37.9,62.1,3,2,16,14,3,2,1,0,2023,4,Draw
24,2023-05-13,3:00pm,Villa Park,h,42164.0,7,2,8,1,48.7,51.3,8,5,4,2,4,2,0,1,85.0,85.3,3,1,8,3,2,9,72.7,43.8,42.9,57.1,1,2,9,14,3,3,0,0,2023,3,Home win
25,2023-05-13,3:00pm,Stamford Bridge,d,40030.0,12,2,16,2,76.1,23.9,14,11,6,2,3,7,5,2,89.1,60.8,1,3,2,5,1,2,64.3,53.6,55.2,44.8,0,4,13,15,3,1,0,0,2023,4,Draw
26,2023-05-13,3:00pm,Selhurst Park,h,25034.0,11,2,15,0,59.8,40.2,17,5,5,0,7,1,5,4,85.6,80.5,2,0,11,2,2,1,72.7,50.0,42.3,57.7,0,3,5,12,0,2,0,0,2023,2,Home win
27,2023-05-13,3:00pm,Old Trafford,h,73570.0,3,2,13,0,48.0,52.0,27,5,9,0,11,5,7,0,81.8,80.4,4,0,11,7,0,1,61.5,87.5,53.3,46.7,0,8,9,9,3,2,0,0,2023,2,Home win
28,2023-05-13,3:00pm,St. Mary's Stadium,a,28978.0,20,0,10,2,35.6,64.4,5,9,1,4,2,1,2,4,77.9,87.5,0,2,1,8,4,1,56.3,50.0,63.6,36.4,1,1,17,12,2,0,0,0,2023,2,Away win
29,2023-05-08,3:00pm,Craven Cottage,h,24442.0,10,5,18,3,57.1,42.9,17,18,7,9,5,4,5,5,82.0,76.8,2,2,2,7,1,4,63.6,57.1,64.0,36.0,6,2,13,15,0,3,0,0,2023,8,Home win
30,2023-05-08,5:30pm,Amex Stadium,a,31567.0,6,1,17,5,77.7,22.3,23,10,5,5,9,1,9,4,88.7,65.2,2,4,15,1,1,1,63.6,57.9,45.7,54.3,1,4,11,13,1,5,0,0,2023,6,Away win
31,2023-05-08,8:00pm,The City Ground,h,29154.0,16,4,20,3,35.9,64.1,9,19,4,5,3,9,2,5,69.6,83.4,1,4,2,11,3,1,40.0,66.7,60.0,40.0,2,0,16,10,1,0,0,0,2023,7,Home win
32,2023-05-07,4:30pm,"St James' Park, Newcastle",a,50267.0,4,0,2,2,54.3,45.7,12,10,5,6,4,2,3,2,79.7,79.2,2,2,9,4,0,1,50.0,78.3,58.6,41.4,5,5,16,12,2,1,0,0,2023,2,Away win
33,2023-05-07,7:00pm,London Stadium,h,62477.0,14,1,3,0,34.6,65.4,15,19,4,4,5,12,6,3,76.2,86.5,2,1,5,6,1,1,41.2,50.0,53.1,46.9,4,3,4,9,0,2,0,0,2023,1,Home win
34,2023-05-06,3:00pm,Vitality Stadium,a,10357.0,15,1,12,3,34.0,66.0,10,11,4,5,4,5,2,1,75.4,88.2,1,2,7,7,1,0,56.3,91.7,50.0,50.0,2,3,9,11,1,3,0,0,2023,4,Away win
35,2023-05-06,3:00pm,Etihad Stadium,h,53406.0,1,2,19,1,80.9,19.1,18,4,6,2,10,1,2,1,91.1,59.7,2,0,10,1,4,3,71.4,50.0,52.0,48.0,1,4,3,16,0,3,0,0,2023,3,Home win
36,2023-05-06,3:00pm,Tottenham Hotspur Stadium,h,61093.0,8,1,11,0,57.5,42.5,8,7,3,2,3,3,2,2,84.0,75.4,3,0,8,4,1,0,46.2,73.3,63.3,36.7,2,2,15,14,3,5,0,0,2023,1,Home win
37,2023-05-06,3:00pm,Molineux,h,31641.0,13,1,7,0,38.0,62.0,6,16,2,3,2,6,2,7,73.5,85.9,1,2,5,6,3,2,69.2,70.0,32.1,67.9,3,1,20,9,3,3,0,0,2023,1,Home win
38,2023-05-06,5:30pm,Anfield,h,52838.0,5,1,9,0,53.9,46.1,15,5,5,1,6,3,4,1,81.5,74.8,2,0,7,3,1,2,55.6,54.5,50.0,50.0,2,4,19,10,4,2,0,0,2023,1,Home win
39,2023-05-04,8:00pm,Amex Stadium,h,31577.0,6,1,3,0,59.6,40.4,22,16,6,5,11,6,5,5,86.3,75.6,0,2,8,6,0,2,53.3,65.0,63.2,36.8,5,5,10,14,4,4,0,0,2023,1,Home win
40,2023-04-30,2:00pm,Vitality Stadium,h,10434.0,15,4,19,1,42.1,57.9,12,15,7,6,2,7,3,2,73.0,80.4,2,1,2,6,2,1,50.0,42.1,34.3,65.7,5,3,12,14,1,0,0,0,2023,5,Home win
41,2023-04-30,2:00pm,Craven Cottage,a,24498.0,10,1,1,2,37.4,62.6,4,12,1,9,1,3,2,0,81.3,87.0,1,1,2,5,3,1,63.6,71.4,46.9,53.1,7,0,9,10,1,3,0,0,2023,3,Away win
42,2023-04-30,2:00pm,Old Trafford,h,73592.0,3,1,7,0,57.1,42.9,14,7,6,1,6,2,2,4,84.9,78.1,1,0,1,4,7,3,78.6,46.7,50.0,50.0,1,5,16,7,2,0,0,0,2023,1,Home win
43,2023-04-30,2:00pm,"St James' Park, Newcastle",h,52234.0,4,3,20,1,63.4,36.6,22,4,5,3,9,1,8,0,81.9,69.8,3,1,11,2,1,2,41.2,69.6,75.0,25.0,2,3,7,10,1,4,0,0,2023,4,Home win
44,2023-04-30,4:30pm,Anfield,h,53275.0,5,4,8,3,67.6,32.4,12,10,4,7,4,3,4,0,88.3,73.7,2,4,5,2,0,5,68.8,62.5,74.1,25.9,3,0,12,6,3,2,0,0,2023,7,Home win
45,2023-04-29,12:30p,Selhurst Park,h,25148.0,11,4,14,3,59.9,40.1,16,8,6,4,4,3,6,1,78.7,65.6,0,1,8,5,1,1,61.9,65.2,57.4,42.6,1,2,9,17,1,2,0,0,2023,7,Home win
46,2023-04-29,3:00pm,Gtech Community Stadium,h,17080.0,9,2,16,1,68.9,31.1,14,5,8,3,3,1,3,1,84.7,68.2,0,1,6,0,1,1,55.6,61.9,48.9,51.1,2,6,6,13,1,2,0,0,2023,3,Home win
47,2023-04-29,3:00pm,Amex Stadium,h,31584.0,6,6,13,0,57.2,42.8,22,10,8,2,7,5,7,3,88.2,81.4,4,0,2,5,2,0,60.0,56.3,90.0,10.0,2,2,14,11,1,1,0,0,2023,6,Home win
48,2023-04-27,7:45pm,Goodison Park,h,39248.0,17,1,4,4,39.6,60.4,13,15,5,8,5,3,3,4,65.3,74.8,0,1,3,14,3,1,50.0,50.0,55.0,45.0,3,4,8,6,2,1,0,0,2023,5,Away win
49,2023-04-27,7:45pm,St. Mary's Stadium,a,30414.0,20,0,15,1,56.5,43.5,11,16,2,2,6,4,3,10,82.0,78.4,0,0,6,4,4,2,78.9,57.1,45.5,54.5,1,2,9,11,0,3,0,0,2023,1,Away win
50,2023-04-27,8:15pm,Tottenham Hotspur Stadium,d,61586.0,8,2,3,2,39.9,60.1,18,17,7,8,7,5,4,4,81.4,86.3,4,3,6,8,2,3,68.4,81.3,52.2,47.8,5,5,8,7,1,2,0,0,2023,4,Draw
51,2023-04-26,7:30pm,The City Ground,h,28808.0,16,3,6,1,24.8,75.2,12,17,5,7,5,6,2,4,66.8,86.5,1,2,2,7,1,2,61.1,64.3,47.4,52.6,6,3,7,8,2,0,0,0,2023,4,Home win
52,2023-04-26,7:45pm,Stamford Bridge,a,39929.0,12,0,9,2,72.9,27.1,15,7,4,1,8,5,3,1,88.2,65.8,1,0,5,2,0,2,50.0,46.2,55.9,44.1,0,4,5,13,1,2,0,0,2023,2,Away win
53,2023-04-26,7:45pm,London Stadium,a,62473.0,14,1,5,2,27.4,72.6,7,20,2,4,4,9,1,7,69.8,87.4,0,3,3,6,1,1,84.6,55.0,36.4,63.6,2,1,6,8,0,0,0,0,2023,3,Away win
54,2023-04-26,8:00pm,Etihad Stadium,h,53482.0,1,4,2,1,51.9,48.1,14,8,9,2,3,3,2,3,85.1,84.7,4,0,1,3,0,1,72.7,40.0,55.6,44.4,1,5,13,13,3,1,0,0,2023,5,Home win
55,2023-04-25,7:30pm,Molineux,h,30792.0,13,2,11,0,41.2,58.8,9,14,3,4,4,4,2,6,73.8,81.6,0,0,6,11,2,1,38.1,54.5,55.9,44.1,4,2,13,14,5,4,0,0,2023,2,Home win
56,2023-04-25,7:45pm,Villa Park,h,41046.0,7,1,10,0,51.8,48.2,14,1,3,0,4,1,7,0,83.7,81.3,0,0,8,2,0,5,63.6,38.1,65.2,34.8,0,2,6,18,3,2,0,0,2023,1,Home win
57,2023-04-25,8:00pm,Elland Road,d,36666.0,19,1,18,1,40.8,59.2,13,15,3,3,6,6,4,6,64.2,73.0,3,3,3,6,4,6,50.0,61.9,47.1,52.9,2,2,14,15,4,2,0,0,2023,2,Draw
58,2023-04-17,8:00pm,Elland Road,a,36657.0,19,1,5,6,26.4,73.6,13,13,3,7,7,4,3,2,68.9,89.1,1,4,4,2,1,2,53.8,47.6,52.6,47.4,1,2,6,12,0,1,0,0,2023,7,Away win
59,2023-04-16,2:00pm,London Stadium,d,62475.0,14,2,2,2,28.5,71.5,16,11,3,5,6,4,7,2,69.0,87.0,2,2,7,2,4,1,47.1,69.2,54.8,45.2,3,1,11,8,1,2,0,0,2023,4,Draw
60,2023-04-16,4:30pm,The City Ground,a,29435.0,16,0,3,2,31.8,68.2,6,22,0,8,4,9,2,5,65.1,82.9,2,4,4,9,1,3,55.0,83.3,46.4,53.6,5,0,9,9,2,2,0,0,2023,2,Away win
61,2023-04-15,12:30p,Villa Park,h,42055.0,7,3,4,0,52.0,48.0,16,8,6,2,6,3,4,3,78.2,78.2,3,1,7,2,1,4,61.1,61.1,42.1,57.9,2,3,13,15,1,1,0,0,2023,3,Home win
62,2023-04-15,3:00pm,Stamford Bridge,a,40126.0,12,1,6,2,42.6,57.4,8,26,2,10,5,10,1,6,81.4,85.6,0,1,2,8,1,1,72.2,54.2,52.9,47.1,9,1,11,11,2,2,0,0,2023,3,Away win
63,2023-04-15,3:00pm,Goodison Park,a,39241.0,17,1,10,3,46.5,53.5,15,21,7,7,6,9,2,5,74.0,75.2,3,2,4,8,1,0,71.4,64.7,50.0,50.0,4,6,10,6,3,2,0,0,2023,4,Away win
64,2023-04-15,3:00pm,St. Mary's Stadium,a,30309.0,20,0,11,2,58.2,41.8,11,10,4,2,4,4,3,4,84.2,75.7,1,0,6,2,3,1,46.7,77.3,58.8,41.2,0,4,6,13,3,1,0,0,2023,2,Away win
65,2023-04-15,3:00pm,Tottenham Hotspur Stadium,a,61369.0,8,2,15,3,57.4,42.6,24,9,8,6,8,2,8,1,81.4,76.3,3,2,8,1,1,1,64.7,70.6,67.7,32.3,3,6,8,9,1,3,0,0,2023,5,Away win
66,2023-04-15,3:00pm,Molineux,h,30769.0,13,2,9,0,50.6,49.4,11,10,9,3,0,3,2,4,79.5,80.7,0,0,5,2,0,1,52.4,47.8,35.5,64.5,3,7,12,8,1,1,0,0,2023,2,Home win
67,2023-04-15,5:30pm,Etihad Stadium,h,53329.0,1,3,18,1,70.6,29.4,12,11,4,4,5,4,3,3,92.2,80.1,1,1,6,2,0,3,54.5,70.0,31.8,68.2,3,1,8,8,1,1,0,0,2023,4,Home win
68,2023-04-09,2:00pm,Elland Road,a,36427.0,19,1,11,5,48.0,52.0,11,16,7,8,4,4,0,4,75.7,74.5,1,5,2,4,2,2,55.9,72.7,41.0,59.0,2,7,11,8,3,1,0,0,2023,6,Away win
69,2023-04-09,4:30pm,Anfield,d,53267.0,5,2,2,2,59.0,41.0,21,9,6,5,10,2,5,2,82.3,76.6,6,2,5,4,2,2,54.5,52.4,51.9,48.1,3,4,11,11,4,4,0,0,2023,4,Draw
70,2023-04-08,12:30p,Old Trafford,h,73509.0,3,2,17,0,63.8,36.2,29,15,11,1,10,6,8,8,87.1,71.3,5,1,10,4,3,2,60.0,66.7,50.0,50.0,1,9,10,9,0,0,0,0,2023,2,Home win
71,2023-04-08,3:00pm,Villa Park,h,42076.0,7,2,16,0,65.3,34.7,8,6,3,2,4,1,1,3,85.7,65.6,1,0,1,8,1,7,66.7,64.7,44.0,56.0,2,1,7,17,3,4,0,0,2023,2,Home win
72,2023-04-08,3:00pm,Gtech Community Stadium,a,17107.0,9,1,4,2,41.0,59.0,12,10,6,4,4,4,2,2,75.5,82.6,0,1,6,5,2,2,87.5,52.6,53.3,46.7,3,5,10,15,0,2,0,0,2023,3,Away win
73,2023-04-08,3:00pm,Craven Cottage,a,24491.0,10,0,14,1,76.6,23.4,16,9,3,5,2,4,11,0,88.2,62.2,1,1,11,4,0,2,52.9,35.3,38.5,61.5,5,3,10,12,1,1,0,0,2023,1,Away win
74,2023-04-08,3:00pm,The King Power Stadium,a,32094.0,18,0,15,1,50.8,49.2,14,19,4,7,8,2,2,10,75.4,78.7,1,1,6,6,3,2,42.1,62.5,47.4,52.6,6,4,10,13,0,3,0,0,2023,1,Away win
75,2023-04-08,3:00pm,Tottenham Hotspur Stadium,h,61405.0,8,2,6,1,35.2,64.8,9,17,3,4,4,5,2,8,77.3,87.1,0,2,3,7,2,1,58.8,44.4,33.3,66.7,3,1,15,15,3,1,0,0,2023,3,Home win
76,2023-04-08,3:00pm,Molineux,h,31614.0,13,1,12,0,37.6,62.4,9,13,4,1,3,4,2,8,74.5,83.6,0,0,8,8,2,1,59.1,55.6,36.0,64.0,1,3,14,10,2,5,0,0,2023,1,Home win
77,2023-04-08,5:30pm,St. Mary's Stadium,a,30963.0,20,1,1,4,27.2,72.8,4,13,1,8,2,2,1,3,75.3,89.2,1,3,0,10,0,2,81.8,77.8,35.0,65.0,4,0,6,10,0,2,0,0,2023,5,Away win
78,2023-04-05,8:00pm,Old Trafford,h,73309.0,3,1,9,0,64.7,35.3,18,6,3,1,8,4,7,1,85.7,76.1,1,1,12,3,2,1,73.3,72.2,57.5,42.5,1,2,9,13,3,2,0,0,2023,1,Home win
79,2023-04-05,8:00pm,London Stadium,a,62470.0,14,1,4,5,42.0,58.0,7,15,2,8,3,5,2,2,73.6,80.7,1,4,7,6,0,0,38.5,58.3,38.7,61.3,2,1,11,12,2,1,0,0,2023,6,Away win
80,2023-04-04,7:45pm,Vitality Stadium,a,10266.0,15,0,6,2,36.7,63.3,14,16,3,6,6,9,5,1,78.2,87.1,1,3,5,5,1,0,44.4,52.9,46.2,53.8,4,3,11,5,1,1,0,0,2023,2,Away win
81,2023-04-04,7:45pm,Elland Road,h,36740.0,19,2,16,1,62.4,37.6,21,13,6,1,6,4,9,8,81.2,66.9,1,0,11,4,3,3,60.0,27.8,60.5,39.5,0,4,11,13,1,4,0,0,2023,3,Home win
82,2023-04-04,7:45pm,The King Power Stadium,a,32087.0,18,1,7,2,35.9,64.1,9,15,4,5,4,5,1,5,74.5,88.2,2,1,4,8,2,1,68.4,42.9,37.5,62.5,3,3,10,14,2,0,1,0,2023,3,Away win
83,2023-04-04,8:00pm,Stamford Bridge,d,40093.0,12,0,5,0,49.6,50.4,12,7,3,4,7,0,2,3,83.7,83.6,3,0,3,5,4,3,75.0,53.8,44.4,55.6,3,2,6,17,1,4,0,0,2023,0,Draw
84,2023-03-19,2:00pm,Emirates Stadium,h,60247.0,2,4,11,1,62.2,37.8,15,9,5,5,5,1,5,3,86.7,77.9,1,1,5,4,2,2,60.0,55.6,62.1,37.9,4,1,8,10,0,1,0,0,2023,5,Home win
85,2023-03-18,3:00pm,Villa Park,h,41021.0,7,3,15,0,55.8,44.2,20,10,9,3,3,4,8,3,85.2,84.0,5,0,9,6,0,2,62.5,75.0,43.8,56.3,3,6,8,13,1,4,0,0,2023,3,Home win
86,2023-03-18,3:00pm,Gtech Community Stadium,d,17006.0,9,1,18,1,52.9,47.1,11,14,2,1,2,6,7,7,77.3,80.1,0,1,8,4,1,3,77.3,41.7,51.6,48.4,0,1,10,11,1,2,1,0,2023,2,Draw
87,2023-03-18,3:00pm,St. Mary's Stadium,d,30157.0,20,3,8,3,50.4,49.6,19,17,7,3,7,9,5,5,84.9,83.8,2,2,10,3,2,1,76.9,68.4,41.7,58.3,0,4,13,8,1,1,0,0,2023,6,Draw
88,2023-03-18,3:00pm,Molineux,a,31570.0,13,2,19,4,65.9,34.1,23,11,8,4,9,5,6,2,83.1,67.7,4,2,5,4,2,0,71.4,66.7,59.3,40.7,0,6,15,9,3,5,2,0,2023,6,Away win
89,2023-03-18,5:30pm,Stamford Bridge,d,40025.0,12,2,17,2,68.9,31.1,20,12,7,3,3,4,10,5,83.9,67.1,0,3,8,2,2,1,73.3,65.0,67.9,32.1,1,5,8,12,2,2,0,0,2023,4,Draw
90,2023-03-17,8:00pm,The City Ground,a,29362.0,16,1,4,2,38.4,61.6,5,15,3,4,2,5,0,6,67.4,79.7,0,2,3,7,1,1,75.0,73.3,34.2,65.8,2,2,17,9,5,1,0,0,2023,3,Away win
91,2023-03-15,7:30pm,Amex Stadium,h,30933.0,6,1,11,0,57.1,42.9,11,11,5,3,5,6,1,2,84.3,80.2,0,2,1,4,2,0,55.0,73.3,76.9,23.1,3,4,13,20,1,2,0,0,2023,1,Home win
92,2023-03-15,7:30pm,St. Mary's Stadium,a,30438.0,20,0,9,2,66.4,33.6,7,11,1,5,3,2,3,4,82.4,64.4,0,3,3,3,1,1,37.5,55.0,41.5,58.5,2,0,14,10,1,2,0,0,2023,2,Away win
93,2023-03-12,2:00pm,Craven Cottage,a,24426.0,10,0,2,3,44.7,55.3,12,15,2,7,6,3,4,5,82.7,86.5,0,4,4,8,2,2,57.1,70.0,59.3,40.7,4,2,10,9,0,1,0,0,2023,3,Away win
94,2023-03-12,2:00pm,Old Trafford,d,73439.0,3,0,20,0,46.7,53.3,10,17,4,4,3,4,3,9,78.0,84.5,2,1,7,8,0,2,43.5,78.6,68.8,31.3,4,4,12,9,2,0,1,0,2023,0,Draw
95,2023-03-12,2:00pm,London Stadium,h,62472.0,14,1,7,1,40.8,59.2,17,12,6,4,8,4,3,4,82.4,87.0,2,3,13,2,6,1,55.6,66.7,60.0,40.0,3,4,9,6,1,0,0,0,2023,2,Draw
96,2023-03-12,4:30pm,"St James' Park, Newcastle",h,52240.0,4,2,13,1,42.1,57.9,19,7,8,4,3,3,8,0,78.8,81.2,3,0,10,3,0,0,46.2,60.0,52.2,47.8,3,6,11,10,1,2,0,0,2023,3,Home win
97,2023-03-11,12:30p,Vitality Stadium,h,10536.0,15,1,5,0,30.7,69.3,5,15,2,6,3,8,0,1,65.5,83.4,2,3,3,8,2,4,63.6,68.2,54.8,45.2,5,1,7,9,2,1,0,0,2023,1,Home win
98,2023-03-11,3:00pm,Goodison Park,h,39036.0,17,1,9,0,33.3,66.7,13,12,6,4,6,6,1,2,62.6,77.4,1,3,5,8,3,1,56.0,81.8,43.9,56.1,3,5,11,12,2,1,0,0,2023,1,Home win
99,2023-03-11,3:00pm,Elland Road,d,36471.0,19,2,6,2,38.0,62.0,12,15,4,3,3,8,5,4,82.0,86.1,0,2,4,7,3,3,71.4,54.2,29.4,70.6,2,2,12,9,1,1,0,0,2023,4,Draw
100,2023-03-11,3:00pm,The King Power Stadium,a,32170.0,18,1,12,3,48.4,51.6,17,12,7,6,4,3,6,3,83.0,84.4,3,2,2,5,0,4,73.3,58.3,65.5,34.5,3,5,10,11,1,2,1,0,2023,4,Away win
101,2023-03-11,3:00pm,Tottenham Hotspur Stadium,h,61460.0,8,3,16,1,55.2,44.8,15,9,7,5,3,2,5,2,87.1,81.3,0,1,2,10,1,1,60.0,87.5,60.7,39.3,4,4,13,13,3,1,0,0,2023,4,Home win
102,2023-03-11,5:30pm,Selhurst Park,a,25844.0,11,0,1,1,32.2,67.8,4,14,0,4,0,5,4,5,75.2,87.3,0,2,2,6,3,2,72.7,50.0,42.9,57.1,3,0,11,17,2,2,0,0,2023,1,Away win
103,2023-03-06,8:00pm,Gtech Community Stadium,h,17025.0,9,3,10,2,36.2,63.8,14,9,6,5,7,4,1,0,66.8,82.8,3,0,2,3,3,1,68.2,58.3,69.2,30.8,3,3,12,17,0,3,0,0,2023,5,Home win
104,2023-03-05,2:00pm,The City Ground,d,29353.0,16,2,17,2,57.1,42.9,10,10,4,3,2,2,4,5,76.7,66.5,0,2,3,3,0,0,70.8,61.9,41.2,58.8,1,2,11,17,3,5,0,0,2023,4,Draw
105,2023-03-05,4:30pm,Anfield,h,53001.0,5,7,3,0,59.6,40.4,18,8,8,4,5,3,5,1,78.0,71.0,6,2,4,3,0,4,82.4,66.7,42.9,57.1,4,1,13,14,2,3,0,0,2023,7,Home win
106,2023-03-04,12:30p,Etihad Stadium,h,53419.0,1,2,4,0,56.3,43.7,11,5,3,2,6,1,2,2,86.5,80.7,2,1,8,4,0,1,46.2,63.6,56.3,43.8,2,1,8,13,2,4,0,0,2023,2,Home win
107,2023-03-04,3:00pm,Emirates Stadium,h,60222.0,2,3,15,2,80.1,19.9,31,4,9,4,10,0,12,0,88.6,57.6,1,2,17,1,0,0,58.8,75.0,55.9,44.1,2,6,6,8,0,2,0,0,2023,5,Home win
108,2023-03-04,3:00pm,Villa Park,h,41893.0,7,1,11,0,58.1,41.9,8,3,1,0,4,2,3,1,87.8,83.8,1,0,2,4,0,5,61.5,59.1,66.7,33.3,0,1,14,17,2,3,0,1,2023,1,Home win
109,2023-03-04,3:00pm,Amex Stadium,h,31523.0,6,4,14,0,65.8,34.2,20,3,9,2,7,0,4,1,90.5,78.8,2,0,7,3,0,0,50.0,45.5,57.1,42.9,2,5,6,8,0,3,0,0,2023,4,Home win
110,2023-03-04,3:00pm,Stamford Bridge,h,39905.0,12,1,19,0,57.2,42.8,13,11,3,2,8,6,2,3,87.6,79.3,3,0,5,7,2,2,65.4,65.2,46.7,53.3,2,2,11,7,2,0,0,0,2023,1,Home win
111,2023-03-04,3:00pm,Molineux,h,31585.0,13,1,8,0,46.5,53.5,8,21,5,6,3,6,0,9,81.5,85.8,2,2,4,8,3,1,50.0,60.0,47.4,52.6,6,4,11,18,1,1,0,0,2023,1,Home win
112,2023-03-04,5:30pm,St. Mary's Stadium,h,30139.0,20,1,18,0,34.9,65.1,11,11,5,0,2,7,4,4,68.8,79.0,0,3,3,4,4,2,42.9,63.6,31.6,68.4,0,4,12,11,4,2,0,0,2023,1,Home win
113,2023-02-26,1:30pm,Tottenham Hotspur Stadium,h,61613.0,8,2,12,0,41.2,58.8,8,10,3,2,4,5,1,3,82.2,89.3,1,0,4,4,0,2,59.3,78.9,60.7,39.3,2,1,10,10,2,3,0,0,2023,2,Home win
114,2023-02-25,3:00pm,Goodison Park,a,39309.0,17,0,7,2,46.5,53.5,15,9,5,5,7,4,3,0,78.5,79.2,0,3,5,1,1,0,50.0,50.0,48.6,51.4,3,4,12,12,2,1,0,0,2023,2,Away win
115,2023-02-25,3:00pm,Elland Road,h,36641.0,19,1,20,0,60.6,39.4,14,8,4,2,6,3,4,3,84.6,77.7,0,0,9,2,2,3,65.2,55.6,52.2,47.8,2,3,15,13,2,4,0,0,2023,1,Home win
116,2023-02-25,3:00pm,The King Power Stadium,a,32227.0,18,0,2,1,34.1,65.9,1,10,0,2,1,3,0,5,68.9,82.4,0,1,0,8,4,4,66.7,54.5,47.1,52.9,1,0,14,9,0,1,0,0,2023,1,Away win
117,2023-02-25,3:00pm,London Stadium,h,62469.0,14,4,16,0,49.1,50.9,18,8,5,3,8,3,5,2,78.0,78.2,4,0,12,3,1,1,69.2,60.0,52.1,47.9,3,1,8,5,0,0,0,0,2023,4,Home win
118,2023-02-25,5:30pm,Vitality Stadium,a,10481.0,15,1,1,4,34.0,66.0,13,20,2,5,5,8,6,7,83.0,90.1,0,1,4,6,1,2,53.3,65.4,52.6,47.4,2,1,10,9,2,2,0,0,2023,5,Away win
119,2023-02-25,7:45pm,Selhurst Park,d,25842.0,11,0,5,0,36.2,63.8,6,12,0,4,4,5,2,3,74.5,84.5,2,2,5,3,4,1,68.8,64.3,50.0,50.0,4,0,11,14,2,5,0,0,2023,0,Draw
120,2023-02-24,8:00pm,Craven Cottage,d,24399.0,10,1,13,1,50.5,49.5,10,8,5,2,2,5,3,1,81.3,76.2,2,1,4,3,1,1,55.0,73.7,36.7,63.3,1,4,12,17,2,0,0,0,2023,2,Draw
121,2023-02-19,2:00pm,Old Trafford,h,73578.0,3,3,18,0,56.9,43.1,26,19,8,3,9,9,9,7,84.6,81.1,6,2,6,6,0,1,69.6,53.8,69.6,30.4,3,5,9,9,0,2,0,0,2023,3,Home win
122,2023-02-19,4:30pm,Tottenham Hotspur Stadium,h,61476.0,8,2,14,0,57.0,43.0,16,6,6,1,4,4,6,1,84.6,74.9,2,0,4,7,0,0,68.4,61.1,48.7,51.3,1,4,16,10,2,1,0,0,2023,2,Home win
123,2023-02-18,12:30p,Villa Park,a,42066.0,7,2,2,4,33.4,66.6,7,20,5,5,1,8,1,7,76.8,85.6,0,5,2,9,0,2,72.0,55.6,48.0,52.0,2,3,13,4,2,2,0,0,2023,6,Away win
124,2023-02-18,3:00pm,Gtech Community Stadium,d,17122.0,9,1,11,1,58.7,41.3,12,10,5,4,6,3,1,3,82.4,77.8,1,1,2,6,3,2,50.0,60.0,60.0,40.0,3,4,10,8,2,2,0,0,2023,2,Draw
125,2023-02-18,3:00pm,Amex Stadium,a,31619.0,6,0,10,1,65.3,34.7,21,5,7,2,10,0,4,3,87.7,73.1,5,0,10,2,4,0,40.0,38.5,59.3,40.7,1,7,12,14,0,5,0,0,2023,1,Away win
126,2023-02-18,3:00pm,Stamford Bridge,a,40152.0,12,0,20,1,61.3,38.7,17,8,5,5,5,3,7,0,85.9,75.3,2,0,8,2,3,1,76.5,71.0,52.0,48.0,3,4,16,25,3,6,0,0,2023,1,Away win
127,2023-02-18,3:00pm,Goodison Park,h,39232.0,17,1,19,0,50.0,50.0,15,8,6,0,7,4,2,4,73.4,69.0,2,1,6,4,1,0,56.5,58.3,47.4,52.6,0,3,8,6,2,3,0,0,2023,1,Home win
128,2023-02-18,3:00pm,The City Ground,d,29365.0,16,1,1,1,27.0,73.0,4,23,1,6,2,11,1,6,65.1,88.0,1,2,0,10,2,0,61.5,70.0,56.5,43.5,5,0,8,6,1,0,0,0,2023,2,Draw
129,2023-02-18,3:00pm,Molineux,a,31222.0,13,0,15,1,68.6,31.4,15,5,4,1,5,1,6,3,84.4,67.7,0,1,12,2,2,0,68.8,44.4,44.2,55.8,0,4,12,10,3,3,0,0,2023,1,Away win
130,2023-02-18,5:30pm,"St James' Park, Newcastle",a,52758.0,4,0,5,2,37.4,62.6,14,13,4,7,7,4,3,2,82.0,88.1,3,5,6,7,3,0,90.0,50.0,68.8,31.3,5,4,3,8,1,1,1,0,2023,2,Away win
131,2023-02-15,7:30pm,Emirates Stadium,a,60276.0,2,1,1,3,63.5,36.5,10,9,1,6,4,1,5,2,83.0,72.3,2,4,1,3,0,3,38.5,70.6,44.0,56.0,2,0,11,15,2,4,0,0,2023,4,Away win
132,2023-02-13,8:00pm,Anfield,h,53027.0,5,2,17,0,59.1,40.9,15,6,6,1,4,4,5,1,86.3,78.7,2,1,3,3,4,2,71.4,44.4,57.1,42.9,1,4,8,16,1,3,0,0,2023,2,Home win
133,2023-02-12,2:00pm,Elland Road,a,36919.0,19,0,3,2,33.0,67.0,16,11,6,5,4,4,6,2,67.7,81.6,1,2,7,3,3,3,56.5,70.0,57.1,42.9,3,6,10,13,2,1,0,0,2023,2,Away win
134,2023-02-12,4:30pm,Etihad Stadium,h,53392.0,1,3,7,1,67.2,32.8,17,6,9,2,3,2,5,2,90.0,81.3,4,0,8,4,1,4,42.9,42.9,66.7,33.3,1,5,13,14,1,2,0,0,2023,4,Home win
135,2023-02-11,12:30p,London Stadium,d,62471.0,14,1,12,1,28.2,71.8,10,12,2,4,5,4,3,4,75.7,90.5,1,1,5,6,3,4,60.9,81.0,45.5,54.5,3,1,9,11,1,1,0,0,2023,2,Draw
136,2023-02-11,3:00pm,Emirates Stadium,d,60254.0,2,1,9,1,69.2,30.8,23,9,7,2,10,4,6,3,86.4,66.3,1,3,7,4,1,1,60.0,66.7,28.9,71.1,1,6,9,9,0,2,0,0,2023,2,Draw
137,2023-02-11,3:00pm,Selhurst Park,d,24827.0,11,1,6,1,25.8,74.2,6,17,1,7,2,5,3,5,70.4,89.9,0,5,1,6,3,2,73.7,56.5,38.5,61.5,6,0,10,11,4,1,0,0,2023,2,Draw
138,2023-02-11,3:00pm,Craven Cottage,h,24244.0,10,2,16,0,50.0,50.0,16,10,3,1,11,7,2,2,79.0,77.0,2,1,5,4,1,3,50.0,80.0,52.9,47.1,1,1,9,11,0,1,0,0,2023,2,Home win
139,2023-02-11,3:00pm,The King Power Stadium,h,32184.0,18,4,8,1,48.9,51.1,15,11,7,4,6,6,2,1,78.4,82.7,2,0,1,5,2,2,63.0,60.0,27.8,72.2,3,2,14,9,5,2,0,0,2023,5,Home win
140,2023-02-11,3:00pm,St. Mary's Stadium,a,29751.0,20,1,13,2,40.9,59.1,17,11,2,2,10,2,5,7,70.5,80.5,0,0,5,2,0,3,68.8,57.1,67.4,32.6,0,1,12,14,2,3,0,1,2023,3,Away win
141,2023-02-11,5:30pm,Vitality Stadium,d,10419.0,15,1,4,1,33.2,66.8,11,15,5,7,5,5,1,3,66.7,81.8,2,0,4,6,2,5,55.0,60.0,51.5,48.5,6,3,8,10,2,3,0,0,2023,2,Draw
142,2023-02-08,8:00pm,Old Trafford,d,73456.0,3,2,19,2,65.9,34.1,24,8,7,2,9,4,8,2,81.0,64.4,1,1,6,5,1,0,57.9,66.7,50.0,50.0,1,5,7,11,1,3,0,0,2023,4,Draw
143,2023-02-05,2:00pm,The City Ground,h,29363.0,16,1,19,0,30.1,69.9,6,10,2,4,2,3,2,3,54.5,74.9,0,1,0,2,2,3,65.4,73.7,48.3,51.7,4,1,15,14,4,2,0,0,2023,1,Home win
144,2023-02-05,4:30pm,Tottenham Hotspur Stadium,h,61747.0,8,1,1,0,35.2,64.8,12,15,3,5,5,5,4,5,74.6,87.6,2,0,4,6,2,1,57.1,47.4,36.0,64.0,5,2,19,14,2,3,1,0,2023,1,Home win
145,2023-02-04,12:30p,Goodison Park,h,39314.0,17,1,2,0,29.5,70.5,12,15,4,3,5,7,3,5,71.4,86.5,4,0,7,5,3,0,61.1,78.6,58.6,41.4,2,3,13,8,4,1,0,0,2023,1,Home win
146,2023-02-04,3:00pm,Villa Park,a,42055.0,7,2,18,4,63.2,36.8,19,9,4,5,6,4,9,0,86.7,74.8,0,4,11,3,2,8,66.7,69.6,54.5,45.5,1,3,10,10,0,3,0,0,2023,6,Away win
147,2023-02-04,3:00pm,Gtech Community Stadium,h,17051.0,9,3,20,0,48.3,51.7,14,14,4,6,6,4,4,4,69.2,75.6,3,1,4,4,1,2,53.8,66.7,44.4,55.6,5,0,10,9,1,2,0,0,2023,3,Home win
148,2023-02-04,3:00pm,Amex Stadium,h,31600.0,6,1,15,0,71.8,28.2,20,12,6,2,7,7,7,3,89.3,72.3,2,0,7,3,0,1,52.9,60.0,29.2,70.8,2,5,14,7,3,1,0,0,2023,1,Home win
149,2023-02-04,3:00pm,Old Trafford,h,73420.0,3,2,11,1,53.1,46.9,14,10,5,3,5,5,4,2,85.4,80.3,0,2,5,5,1,4,57.1,56.3,57.9,42.1,2,3,9,9,1,2,1,0,2023,3,Home win
150,2023-02-04,3:00pm,Molineux,h,31664.0,13,3,5,0,41.8,58.2,12,22,6,4,5,8,1,10,74.9,85.5,3,1,2,7,1,2,62.5,70.0,46.7,53.3,2,3,9,7,1,1,0,0,2023,3,Home win
151,2023-02-04,5:30pm,"St James' Park, Newcastle",d,52256.0,4,1,14,1,62.7,37.3,8,10,2,1,3,5,3,4,80.6,69.0,3,1,4,2,0,2,61.5,57.9,57.1,42.9,0,1,11,13,2,1,0,0,2023,2,Draw
152,2023-01-19,8:00pm,Etihad Stadium,h,53088.0,1,4,8,2,57.9,42.1,16,9,6,3,5,4,5,2,87.7,83.0,3,1,8,3,0,1,73.3,56.3,50.0,50.0,1,2,10,14,1,2,0,0,2023,6,Home win
153,2023-01-18,8:00pm,Selhurst Park,d,23343.0,11,1,3,1,39.4,60.6,10,15,5,4,3,8,2,3,73.7,81.3,0,2,3,3,0,0,45.8,56.3,59.1,40.9,3,4,9,10,1,2,0,0,2023,2,Draw
154,2023-01-15,2:00pm,Stamford Bridge,h,40075.0,12,1,11,0,62.5,37.5,15,10,5,5,5,2,5,3,84.6,74.3,3,0,11,7,3,1,54.5,45.8,66.0,34.0,5,4,10,17,2,5,0,0,2023,1,Home win
155,2023-01-15,2:00pm,"St James' Park, Newcastle",h,52247.0,4,1,10,0,62.3,37.7,20,5,5,0,7,4,8,1,82.2,70.0,2,0,10,5,2,3,72.2,58.8,46.2,53.8,0,4,6,14,1,3,0,0,2023,1,Home win
156,2023-01-15,4:30pm,Tottenham Hotspur Stadium,a,61870.0,8,0,2,2,50.6,49.4,17,14,7,5,4,5,6,4,82.6,84.2,2,2,4,3,1,2,64.7,61.5,62.9,37.1,4,7,16,15,4,2,0,0,2023,2,Away win
157,2023-01-14,12:30p,Old Trafford,h,75546.0,3,2,1,1,29.4,70.6,8,5,4,1,1,2,3,2,74.2,89.3,4,1,1,2,6,2,53.3,16.7,47.4,52.6,0,1,15,5,3,0,0,0,2023,3,Home win
158,2023-01-14,3:00pm,Amex Stadium,h,31645.0,6,3,5,0,60.8,39.2,16,6,9,2,3,3,4,1,88.2,83.3,2,2,7,1,4,2,56.3,63.2,58.3,41.7,2,5,9,15,1,3,0,0,2023,3,Home win
159,2023-01-14,3:00pm,Goodison Park,a,39305.0,17,1,20,2,52.2,47.8,12,13,4,5,5,2,3,6,73.4,70.7,1,1,6,4,3,2,60.0,66.7,44.7,55.3,3,3,7,18,0,3,0,0,2023,3,Away win
160,2023-01-14,3:00pm,The City Ground,h,29301.0,16,2,18,0,38.8,61.2,15,6,5,1,4,3,6,2,75.4,82.6,3,2,3,5,2,1,42.9,58.3,54.2,45.8,1,3,11,12,1,2,0,0,2023,2,Home win
161,2023-01-14,3:00pm,Molineux,h,31511.0,13,1,14,0,58.5,41.5,17,16,4,4,6,5,7,7,83.9,78.0,0,0,4,3,4,1,60.0,36.4,45.7,54.3,3,3,10,7,0,2,0,0,2023,1,Home win
162,2023-01-14,5:30pm,Gtech Community Stadium,h,17031.0,9,2,15,0,49.9,50.1,12,7,4,2,7,3,1,2,74.4,77.7,0,0,5,3,2,1,55.0,57.9,47.4,52.6,2,2,5,9,1,1,0,0,2023,2,Home win
163,2023-01-13,8:00pm,Villa Park,h,42008.0,7,2,19,1,53.4,46.6,11,16,5,4,4,4,2,8,72.7,69.5,1,3,0,11,2,5,46.4,51.9,59.3,40.7,2,3,12,18,2,2,0,0,2023,3,Home win
164,2023-01-12,8:00pm,Craven Cottage,h,24460.0,10,2,12,1,47.4,52.6,8,20,3,10,3,3,2,7,80.6,81.6,1,3,5,7,3,3,54.5,61.1,66.7,33.3,9,1,12,16,4,3,0,1,2023,3,Home win
165,2023-01-05,8:00pm,Stamford Bridge,a,39998.0,12,0,1,1,47.7,52.3,8,12,2,3,3,6,3,3,85.2,89.5,0,3,3,2,2,1,39.3,68.4,40.0,60.0,2,2,9,9,2,0,0,0,2023,1,Away win
166,2023-01-04,7:30pm,St. Mary's Stadium,a,30150.0,20,0,16,1,62.5,37.5,8,11,0,1,6,9,2,1,78.0,63.6,1,2,6,2,1,0,50.0,50.0,45.5,54.5,0,0,14,17,2,2,0,0,2023,1,Away win
167,2023-01-04,7:45pm,Elland Road,d,36173.0,19,2,14,2,63.3,36.7,14,15,6,2,6,11,2,2,79.4,62.5,1,0,8,1,3,3,68.4,47.4,47.9,52.1,0,3,11,18,3,1,0,0,2023,4,Draw
168,2023-01-04,8:00pm,Villa Park,d,39978.0,7,1,13,1,55.9,44.1,13,10,4,3,3,4,6,3,87.6,83.8,2,0,7,8,1,4,45.5,58.6,40.9,59.1,2,2,6,12,1,3,0,0,2023,2,Draw
169,2023-01-04,8:00pm,Selhurst Park,a,25132.0,11,0,8,4,46.7,53.3,19,14,4,6,9,3,6,5,82.0,86.2,0,2,10,4,1,2,59.1,63.6,29.6,70.4,2,4,11,8,1,2,0,0,2023,4,Away win
170,2022-12-30,7:45pm,London Stadium,a,62467.0,14,0,9,2,63.1,36.9,20,9,5,6,9,2,6,1,86.5,75.0,0,1,8,1,0,0,41.7,50.0,54.8,45.2,4,5,9,5,1,0,0,0,2022,2,Away win
171,2022-12-30,8:00pm,Anfield,h,53343.0,5,2,18,1,57.0,43.0,21,7,5,2,10,3,6,2,84.4,78.6,3,3,4,5,2,5,66.7,35.7,46.7,53.3,1,5,8,15,0,1,0,0,2022,3,Home win
172,2022-12-28,8:00pm,Elland Road,a,36889.0,19,1,1,3,31.0,69.0,9,26,1,9,4,12,4,5,73.3,87.5,0,6,3,5,0,1,46.2,53.8,41.7,58.3,6,0,11,14,3,3,0,0,2022,4,Away win
173,2022-12-27,5:30pm,Stamford Bridge,h,40046.0,12,2,15,0,60.3,39.7,15,9,5,4,7,4,3,1,88.3,81.2,2,0,6,8,3,0,58.8,64.7,42.1,57.9,4,3,8,10,0,0,0,0,2022,2,Home win
174,2022-12-27,8:00pm,Old Trafford,h,73608.0,3,3,16,0,65.8,34.2,17,8,8,3,3,3,6,2,87.0,71.3,3,0,9,9,1,2,50.0,64.7,53.8,46.2,3,5,13,4,3,1,0,0,2022,3,Home win
175,2022-12-26,12:30p,Gtech Community Stadium,d,17137.0,9,2,8,2,39.1,60.9,9,15,5,8,3,2,1,5,63.6,81.8,2,0,6,5,1,5,25.0,44.4,33.3,66.7,6,3,11,10,3,1,0,0,2022,4,Draw
176,2022-12-26,3:00pm,Selhurst Park,a,25176.0,11,0,10,3,36.2,63.8,4,23,0,11,3,6,1,6,74.5,85.8,0,2,1,8,1,2,73.3,56.3,28.6,71.4,7,0,12,15,0,0,2,0,2022,3,Away win
177,2022-12-26,3:00pm,Goodison Park,a,39252.0,17,1,13,2,58.8,41.2,12,7,6,4,4,2,2,1,84.8,75.5,2,1,2,2,1,2,76.5,63.2,50.0,50.0,2,4,9,22,1,6,0,0,2022,3,Away win
178,2022-12-26,3:00pm,The King Power Stadium,a,32185.0,18,0,4,3,60.1,39.9,8,12,2,5,2,4,4,3,82.1,74.2,0,2,5,5,3,1,66.7,58.3,36.7,63.3,2,2,9,6,0,0,0,0,2022,3,Away win
179,2022-12-26,3:00pm,St. Mary's Stadium,a,31010.0,20,1,6,3,33.6,66.4,14,7,4,4,7,2,3,1,77.2,86.8,0,1,4,2,0,1,62.5,38.1,45.2,54.8,2,3,9,10,1,2,0,0,2022,4,Away win
180,2022-12-26,5:30pm,Villa Park,a,42085.0,7,1,5,3,48.1,51.9,12,16,6,9,3,6,3,1,80.9,81.7,3,5,0,6,3,3,25.0,36.8,42.9,57.1,6,5,7,12,0,0,0,0,2022,4,Away win
181,2022-12-26,8:00pm,Emirates Stadium,h,60125.0,2,3,14,1,66.5,33.5,16,8,5,4,6,4,5,0,89.5,75.5,3,0,7,5,3,0,66.7,50.0,48.4,51.6,3,2,13,17,0,2,0,0,2022,4,Home win
182,2022-11-13,2:00pm,Amex Stadium,a,31581.0,6,1,7,2,65.1,34.9,7,8,2,2,1,3,4,3,86.3,72.0,1,0,11,4,3,1,42.9,52.2,55.6,44.4,0,1,14,11,2,7,0,0,2022,3,Away win
183,2022-11-13,4:30pm,Craven Cottage,a,24246.0,10,1,3,2,52.7,47.3,14,14,7,9,5,3,2,2,79.4,79.4,1,6,10,3,1,2,44.4,58.3,39.3,60.7,8,6,9,10,1,1,0,0,2022,3,Away win
184,2022-11-12,12:30p,Etihad Stadium,a,52786.0,1,1,9,2,74.6,25.4,29,10,6,8,9,1,14,1,85.2,56.9,1,5,10,2,2,2,77.8,27.3,52.4,47.6,5,5,9,7,2,2,0,0,2022,3,Away win
185,2022-11-12,3:00pm,Vitality Stadium,h,10382.0,15,3,17,0,35.8,64.2,16,15,9,3,4,6,3,6,73.1,85.6,2,1,3,5,1,1,66.7,50.0,56.7,43.3,3,5,12,8,2,0,0,0,2022,3,Home win
186,2022-11-12,3:00pm,Anfield,h,53331.0,5,3,20,1,59.9,40.1,15,9,7,5,6,3,2,1,86.3,80.0,6,3,6,0,0,2,41.7,50.0,55.0,45.0,4,4,8,8,0,2,0,0,2022,4,Home win
187,2022-11-12,3:00pm,The City Ground,h,29045.0,16,1,11,0,31.5,68.5,9,8,2,0,6,7,1,1,71.5,87.0,0,0,1,5,3,0,57.1,54.5,39.1,60.9,0,1,11,13,1,4,0,0,2022,1,Home win
188,2022-11-12,3:00pm,Tottenham Hotspur Stadium,h,61667.0,8,4,19,3,54.7,45.3,14,12,8,5,3,2,3,5,82.6,78.9,4,4,9,2,0,1,66.7,52.6,51.9,48.1,2,3,8,7,1,1,0,1,2022,7,Home win
189,2022-11-12,3:00pm,London Stadium,a,62459.0,14,0,18,2,53.6,46.4,18,9,6,6,9,2,3,1,77.4,78.2,0,1,7,2,2,0,66.7,47.4,63.6,36.4,4,6,9,8,3,1,0,0,2022,2,Away win
190,2022-11-12,5:30pm,"St James' Park, Newcastle",h,52264.0,4,1,12,0,48.9,51.1,10,5,3,2,3,2,4,1,82.7,84.1,2,0,5,3,3,0,65.2,65.2,72.7,27.3,2,2,14,11,5,2,0,0,2022,1,Home win
191,2022-11-12,7:45pm,Molineux,a,34624.0,13,0,2,2,37.4,62.6,11,14,2,4,6,7,3,3,79.6,89.3,0,1,6,4,3,1,52.9,50.0,69.0,31.0,1,2,5,6,3,2,0,0,2022,2,Away win
192,2022-11-06,12:00p,Stamford Bridge,a,40142.0,12,0,2,1,44.3,55.7,5,14,1,2,1,9,3,3,73.1,82.1,0,2,4,6,3,0,54.2,58.8,56.7,43.3,1,1,19,13,5,2,0,0,2022,1,Away win
193,2022-11-06,2:00pm,Villa Park,h,42058.0,7,3,3,1,41.8,58.2,6,8,4,3,2,2,0,3,83.5,85.3,1,0,3,5,0,3,31.3,66.7,50.0,50.0,3,1,6,12,3,3,0,0,2022,4,Home win
194,2022-11-06,2:00pm,St. Mary's Stadium,a,30402.0,20,1,4,4,55.2,44.8,16,7,5,4,6,2,5,1,78.2,67.6,2,2,8,2,4,1,71.4,60.0,47.1,52.9,0,4,7,10,1,0,0,0,2022,5,Away win
195,2022-11-06,2:00pm,London Stadium,a,62451.0,14,1,11,2,42.0,58.0,5,15,2,6,3,2,0,7,80.4,87.1,0,1,2,5,4,0,56.3,69.2,54.5,45.5,5,1,10,7,1,1,0,0,2022,3,Away win
196,2022-11-06,4:30pm,Tottenham Hotspur Stadium,a,62008.0,8,1,5,2,46.6,53.4,14,13,5,6,6,3,3,4,82.6,83.6,3,1,5,3,1,2,73.3,50.0,53.8,46.2,4,4,10,8,0,0,0,0,2022,3,Away win
197,2022-11-05,3:00pm,Elland Road,h,36304.0,19,4,15,3,60.9,39.1,18,9,4,6,6,2,8,1,81.7,73.0,1,2,13,3,0,0,65.4,73.3,65.8,34.2,2,0,16,10,2,2,0,0,2022,7,Home win
198,2022-11-05,3:00pm,Etihad Stadium,h,52395.0,1,2,10,1,70.6,29.4,16,4,5,2,5,1,6,1,91.1,79.3,3,0,9,0,3,0,12.5,73.3,54.5,45.5,1,3,6,11,2,4,1,0,2022,3,Home win
199,2022-11-05,3:00pm,The City Ground,d,28869.0,16,2,9,2,47.2,52.8,15,6,7,2,6,3,2,1,75.7,76.9,2,1,3,3,0,2,61.1,75.0,53.3,46.7,0,5,10,11,2,2,0,0,2022,4,Draw
200,2022-11-05,3:00pm,Molineux,a,30732.0,13,2,6,3,28.6,71.4,8,19,5,8,1,7,2,4,75.4,90.2,1,1,4,9,1,1,38.9,78.6,34.8,65.2,5,3,15,11,2,0,1,0,2022,5,Away win
201,2022-11-05,5:30pm,Goodison Park,a,39206.0,17,0,18,2,48.4,51.6,12,22,2,8,5,7,5,7,80.5,85.4,2,3,8,3,0,1,50.0,61.5,76.0,24.0,6,2,9,5,0,0,0,0,2022,2,Away win
202,2022-10-30,2:00pm,Emirates Stadium,h,60263.0,2,5,16,0,69.1,30.9,24,5,10,2,5,2,9,1,89.2,75.6,3,0,9,4,1,2,64.3,56.0,43.5,56.5,2,4,9,8,0,1,0,0,2022,5,Home win
203,2022-10-30,4:15pm,Old Trafford,h,73682.0,3,1,14,0,53.0,47.0,16,13,3,5,7,2,6,6,82.7,82.8,3,1,5,10,1,2,83.3,53.8,53.3,46.7,4,2,12,10,1,3,0,0,2022,1,Home win
204,2022-10-29,12:30p,The King Power Stadium,a,32223.0,18,0,1,1,35.7,64.3,10,15,5,5,4,6,1,4,80.3,90.0,1,0,3,10,0,2,75.0,57.1,45.8,54.2,4,5,5,10,0,0,0,0,2022,1,Away win
205,2022-10-29,3:00pm,Vitality Stadium,a,10430.0,15,2,8,3,30.6,69.4,6,23,4,7,2,10,0,6,76.4,89.9,2,2,2,19,0,3,50.0,43.8,52.2,47.8,4,2,10,5,1,2,0,0,2022,5,Away win
206,2022-10-29,3:00pm,Gtech Community Stadium,d,17051.0,9,1,13,1,57.8,42.2,12,13,3,4,6,6,3,3,80.4,75.3,1,0,3,6,0,1,52.9,35.3,62.1,37.9,3,2,10,17,3,3,0,1,2022,2,Draw
207,2022-10-29,3:00pm,Amex Stadium,h,31746.0,6,4,12,1,41.0,59.0,19,15,9,7,7,5,3,3,79.1,86.0,2,1,8,7,0,0,61.1,50.0,47.8,52.2,7,5,16,6,1,2,0,0,2022,5,Home win
208,2022-10-29,3:00pm,Selhurst Park,h,25130.0,11,1,20,0,44.4,55.6,12,14,3,4,4,6,5,4,72.1,81.3,1,3,8,4,5,3,69.6,65.0,50.0,50.0,4,2,13,12,3,3,0,0,2022,1,Home win
209,2022-10-29,3:00pm,"St James' Park, Newcastle",h,52233.0,4,4,7,0,59.5,40.5,20,3,7,0,10,0,3,3,78.8,73.9,3,0,3,0,2,3,60.0,47.4,61.9,38.1,0,3,11,11,1,1,0,0,2022,4,Home win
210,2022-10-29,5:30pm,Craven Cottage,d,23534.0,10,0,17,0,56.5,43.5,24,9,6,4,10,3,8,2,83.4,79.7,0,2,13,4,0,5,50.0,60.0,63.6,36.4,4,6,10,8,2,1,0,0,2022,0,Draw
211,2022-10-29,7:45pm,Anfield,a,53274.0,5,1,19,2,69.0,31.0,22,14,10,6,8,6,4,2,81.6,63.2,3,1,14,5,0,0,52.9,33.3,50.0,50.0,4,9,9,3,0,1,0,0,2022,3,Away win
212,2022-10-24,8:00pm,London Stadium,h,62447.0,14,2,15,0,54.4,45.6,20,5,4,3,8,2,8,0,84.7,83.1,1,1,5,0,1,0,45.5,76.2,48.6,51.4,3,2,9,11,0,2,0,0,2022,2,Home win
213,2022-10-20,7:30pm,Craven Cottage,h,23508.0,10,3,7,0,60.4,39.6,18,12,8,6,5,3,5,3,85.7,77.5,2,0,9,7,0,3,58.3,42.9,53.1,46.9,6,5,11,11,0,2,0,1,2022,3,Home win
214,2022-10-20,8:15pm,The King Power Stadium,h,30814.0,18,2,19,0,46.8,53.2,5,14,1,2,1,8,3,4,78.3,78.4,1,1,2,9,4,2,53.8,53.3,33.3,66.7,2,0,15,11,2,1,0,0,2022,2,Home win
215,2022-10-19,7:30pm,Vitality Stadium,a,10405.0,15,0,20,1,53.5,46.5,15,9,3,3,8,2,4,4,81.9,81.0,0,1,7,3,2,0,38.5,47.8,62.5,37.5,2,3,8,13,1,3,0,0,2022,1,Away win
216,2022-10-19,7:30pm,Gtech Community Stadium,d,17118.0,9,0,12,0,33.7,66.3,8,14,5,5,2,3,1,6,70.0,85.2,2,1,6,2,2,0,47.4,47.1,52.2,47.8,5,5,7,7,0,0,0,0,2022,0,Draw
217,2022-10-19,7:30pm,Anfield,h,53346.0,5,1,14,0,53.8,46.2,22,8,7,3,8,4,7,1,85.2,80.8,1,4,8,3,1,0,61.5,53.3,61.1,38.9,3,6,9,8,0,0,0,0,2022,1,Home win
218,2022-10-19,7:30pm,"St James' Park, Newcastle",h,52247.0,4,1,17,0,49.8,50.2,16,1,4,0,9,1,3,0,76.8,76.2,1,0,8,2,0,3,77.8,44.4,64.7,35.3,0,3,9,12,2,4,0,0,2022,1,Home win
219,2022-10-19,8:15pm,Old Trafford,h,73677.0,3,2,8,0,51.9,48.1,28,9,10,2,9,5,9,2,85.4,84.3,2,1,8,3,4,0,70.6,50.0,61.1,38.9,2,8,7,7,1,0,0,0,2022,2,Home win
220,2022-10-18,7:30pm,Amex Stadium,d,31463.0,6,0,16,0,70.3,29.7,19,3,7,0,7,3,5,0,86.8,67.7,2,0,9,1,1,0,63.6,61.5,51.6,48.4,0,7,10,14,3,1,0,0,2022,0,Draw
221,2022-10-18,8:15pm,Selhurst Park,h,25125.0,11,2,13,1,51.3,48.7,14,10,4,4,5,5,5,1,82.4,79.4,2,2,4,3,0,4,52.2,51.7,58.6,41.4,3,2,14,18,3,1,0,0,2022,3,Home win
222,2022-10-16,2:00pm,Villa Park,a,41754.0,7,0,12,2,41.1,58.9,18,8,7,4,7,3,4,1,80.2,85.4,3,2,7,1,3,1,41.7,66.7,66.7,33.3,2,7,12,11,0,3,0,0,2022,2,Away win
223,2022-10-16,2:00pm,Elland Road,a,36700.0,19,0,2,1,47.0,53.0,16,9,4,4,5,2,7,3,78.0,83.0,1,1,6,3,4,0,56.0,58.8,56.5,43.5,3,4,10,11,0,2,0,0,2022,1,Away win
224,2022-10-16,2:00pm,Old Trafford,d,73726.0,3,0,4,0,63.0,37.0,15,9,2,2,8,5,5,2,81.1,72.1,2,0,4,4,2,0,61.1,30.8,35.0,65.0,2,2,13,11,3,1,0,0,2022,0,Draw
225,2022-10-16,2:00pm,St. Mary's Stadium,d,29159.0,20,1,14,1,39.1,60.9,10,25,8,4,1,9,1,12,72.4,80.1,1,1,4,14,1,0,35.7,54.5,50.0,50.0,3,7,7,3,1,1,0,0,2022,2,Draw
226,2022-10-16,4:30pm,Anfield,h,53286.0,5,1,1,0,36.8,63.2,13,16,2,6,8,4,3,6,76.9,87.7,5,1,5,6,3,0,52.2,70.0,40.0,60.0,6,1,10,7,3,1,0,0,2022,1,Home win
227,2022-10-15,12:30p,The King Power Stadium,d,31298.0,18,0,11,0,53.1,46.9,14,8,5,1,5,5,4,2,85.1,82.9,1,0,9,2,2,1,48.0,69.2,40.9,59.1,1,6,18,13,2,2,0,0,2022,0,Draw
228,2022-10-15,3:00pm,Craven Cottage,d,22913.0,10,2,15,2,68.9,31.1,19,10,4,6,8,4,7,0,84.8,69.8,0,2,5,6,1,0,75.0,50.0,51.4,48.6,4,2,9,11,2,0,0,0,2022,4,Draw
229,2022-10-15,3:00pm,Molineux,h,31554.0,13,1,16,0,58.0,42.0,9,10,2,2,5,6,2,2,81.6,71.9,0,0,4,5,2,1,47.1,37.5,34.6,65.4,2,1,17,13,2,2,0,0,2022,1,Home win
230,2022-10-15,5:30pm,Tottenham Hotspur Stadium,h,61812.0,8,2,17,0,61.5,38.5,21,4,7,0,6,3,8,1,88.3,81.7,2,0,7,1,0,0,75.0,66.7,56.5,43.5,0,5,12,13,1,4,0,0,2022,2,Home win
231,2022-10-14,8:00pm,Gtech Community Stadium,h,17016.0,9,2,6,0,27.5,72.5,7,21,3,7,4,4,0,10,66.8,85.1,2,2,2,11,0,3,58.3,60.0,53.1,46.9,7,0,12,15,3,1,0,0,2022,2,Home win
232,2022-10-10,8:00pm,The City Ground,d,29208.0,16,1,7,1,39.9,60.1,6,12,3,2,1,2,2,8,73.9,86.2,0,1,1,4,0,3,64.3,50.0,70.0,30.0,1,2,13,19,3,3,0,0,2022,2,Draw
233,2022-10-09,2:00pm,Selhurst Park,h,25042.0,11,2,19,1,54.5,45.5,13,10,5,4,5,2,3,4,76.8,64.3,3,1,5,3,2,2,38.9,44.8,53.6,46.4,3,3,13,23,3,3,0,0,2022,3,Home win
234,2022-10-09,2:00pm,London Stadium,h,62454.0,14,3,10,1,50.3,49.7,17,8,8,2,4,4,5,2,82.5,82.3,3,0,4,2,1,2,58.3,50.0,43.8,56.3,1,5,9,7,1,3,0,0,2022,4,Home win
235,2022-10-09,4:30pm,Emirates Stadium,h,59968.0,2,3,5,2,44.0,56.0,11,8,7,3,1,2,3,3,78.2,80.9,2,1,4,3,3,6,62.5,46.7,56.5,43.5,2,4,11,11,1,2,0,0,2022,5,Home win
236,2022-10-09,7:00pm,Goodison Park,a,39258.0,17,1,3,2,39.7,60.3,11,12,2,4,3,5,6,3,78.7,83.7,0,3,5,4,1,4,66.7,40.0,43.3,56.7,2,1,7,13,2,1,0,0,2022,3,Away win
237,2022-10-08,3:00pm,Vitality Stadium,h,10272.0,15,2,18,1,44.2,55.8,10,9,4,5,2,2,4,2,84.7,86.2,1,1,7,2,3,0,84.6,68.8,26.9,73.1,4,2,8,16,1,2,0,0,2022,3,Home win
238,2022-10-08,3:00pm,Stamford Bridge,h,39940.0,12,3,13,0,57.4,42.6,20,8,7,2,10,5,3,1,87.6,83.5,4,1,4,2,3,0,57.7,69.2,40.9,59.1,2,4,8,8,2,0,0,0,2022,3,Home win
239,2022-10-08,3:00pm,Etihad Stadium,h,53365.0,1,4,20,0,65.2,34.8,21,5,8,0,9,3,4,2,89.5,80.7,6,0,9,1,1,1,53.3,47.4,52.4,47.6,0,4,4,8,0,1,0,0,2022,4,Home win
240,2022-10-08,3:00pm,"St James' Park, Newcastle",h,52067.0,4,5,9,1,54.4,45.6,16,6,6,3,4,1,6,2,79.4,74.7,2,0,9,5,1,3,40.0,70.0,53.6,46.4,2,2,14,9,0,1,0,0,2022,6,Home win
241,2022-10-08,5:30pm,Amex Stadium,a,31498.0,6,0,8,1,58.9,41.1,14,8,4,3,5,4,5,1,87.9,81.4,1,1,6,2,2,3,52.9,80.0,52.2,47.8,2,4,9,14,1,2,0,0,2022,1,Away win
242,2022-09-18,12:00p,Gtech Community Stadium,a,17122.0,9,0,2,3,36.1,63.9,5,13,2,7,3,4,0,2,74.1,86.0,1,2,3,3,3,1,61.9,75.0,72.4,27.6,4,2,10,10,0,2,0,0,2022,3,Away win
243,2022-09-18,2:15pm,Goodison Park,h,39298.0,17,1,14,0,53.6,46.4,7,14,2,4,4,3,1,7,83.0,79.6,0,0,5,14,1,1,61.1,38.9,47.6,52.4,4,1,8,11,3,1,0,0,2022,1,Home win
244,2022-09-17,12:30p,Molineux,a,31578.0,13,0,1,3,40.8,59.2,6,16,1,7,4,5,1,4,83.6,90.5,0,1,5,7,0,1,57.9,57.9,26.7,73.3,4,1,7,9,2,1,1,0,2022,3,Away win
245,2022-09-17,3:00pm,"St James' Park, Newcastle",d,52238.0,4,1,15,1,72.4,27.6,20,10,7,3,8,5,5,2,86.5,67.3,0,1,8,1,3,1,75.0,77.8,56.0,44.0,2,6,10,11,2,2,0,0,2022,2,Draw
246,2022-09-17,5:30pm,Tottenham Hotspur Stadium,h,61450.0,8,6,18,2,43.7,56.3,16,19,11,7,2,7,3,5,83.6,87.3,2,1,6,1,1,0,28.6,75.0,54.5,45.5,5,5,9,9,1,2,0,0,2022,8,Home win
247,2022-09-16,8:00pm,Villa Park,h,40758.0,7,1,20,0,52.7,47.3,11,7,3,1,3,3,5,3,74.3,73.7,1,0,6,3,1,0,54.3,64.3,59.2,40.8,1,2,13,13,3,1,0,0,2022,1,Home win
248,2022-09-16,8:00pm,The City Ground,a,28654.0,16,2,10,3,40.8,59.2,11,15,3,7,5,3,3,5,74.4,82.9,2,2,2,10,2,1,30.0,41.7,55.9,44.1,4,1,11,10,2,4,0,0,2022,5,Away win
249,2022-09-04,2:00pm,Amex Stadium,h,31185.0,6,5,18,2,53.5,46.5,23,6,11,4,5,1,7,1,85.4,82.6,3,2,10,1,2,3,70.6,61.5,47.6,52.4,2,7,6,8,1,1,0,0,2022,7,Home win
250,2022-09-04,4:30pm,Old Trafford,h,73431.0,3,3,2,1,39.5,60.5,10,16,6,3,3,8,1,5,78.1,83.4,4,2,2,5,4,0,47.1,57.1,76.9,23.1,2,3,13,9,3,3,0,0,2022,4,Home win
251,2022-08-30,7:30pm,Selhurst Park,d,25043.0,11,1,9,1,48.9,51.1,13,9,4,3,6,5,3,1,81.1,80.1,0,5,4,6,1,0,57.1,92.9,53.8,46.2,2,3,11,8,1,2,0,0,2022,2,Draw
252,2022-08-30,7:30pm,Craven Cottage,h,22224.0,10,2,6,1,39.1,60.9,10,7,3,4,7,3,0,0,74.7,83.7,1,1,3,3,0,2,57.7,52.2,58.1,41.9,2,2,9,11,2,1,0,0,2022,3,Home win
253,2022-08-30,7:45pm,St. Mary's Stadium,h,31542.0,20,2,12,1,32.2,67.8,9,10,7,4,0,2,2,4,61.0,82.0,3,1,5,3,0,3,68.4,50.0,44.8,55.2,3,3,15,10,2,1,0,0,2022,3,Home win
254,2022-08-30,8:00pm,Elland Road,d,36338.0,19,1,17,1,69.1,30.9,14,7,5,2,8,2,1,3,83.1,69.5,1,3,10,2,2,2,52.0,46.4,66.7,33.3,1,4,10,9,3,3,0,0,2022,2,Draw
255,2022-08-28,2:00pm,Villa Park,a,41796.0,7,0,14,1,57.8,42.2,9,7,3,2,4,3,2,2,84.0,78.5,0,0,3,2,2,1,64.7,46.2,59.1,40.9,1,3,10,10,2,0,0,0,2022,1,Away win
256,2022-08-28,2:00pm,Molineux,d,31311.0,13,1,4,1,36.1,63.9,10,21,4,6,2,4,4,11,69.4,82.1,1,0,4,13,3,1,45.5,66.7,40.7,59.3,5,3,10,11,2,1,0,0,2022,2,Draw
257,2022-08-28,4:30pm,The City Ground,a,29296.0,16,0,8,2,55.3,44.7,17,18,1,7,9,7,7,4,84.7,80.5,0,1,6,1,1,3,52.4,53.8,50.0,50.0,4,1,11,13,6,1,0,0,2022,2,Away win
258,2022-08-27,12:30p,St. Mary's Stadium,a,31196.0,20,0,3,1,48.3,51.7,17,11,5,6,10,2,2,3,73.1,74.0,1,1,5,3,1,1,47.1,57.1,42.2,57.8,3,4,4,14,0,3,0,0,2022,1,Away win
259,2022-08-27,3:00pm,Gtech Community Stadium,d,17009.0,9,1,17,1,57.8,42.2,20,14,5,7,10,2,5,5,83.5,78.4,2,2,8,5,0,2,42.9,72.7,55.3,44.7,6,4,8,8,2,2,0,0,2022,2,Draw
260,2022-08-27,3:00pm,Amex Stadium,h,30953.0,6,1,19,0,42.8,57.2,13,10,4,2,8,3,1,5,70.8,75.6,2,0,5,3,2,1,71.4,54.5,58.3,41.7,2,3,10,14,2,3,0,0,2022,1,Home win
261,2022-08-27,3:00pm,Stamford Bridge,h,39953.0,12,2,18,1,45.1,54.9,7,17,4,5,1,7,2,5,83.4,87.0,2,4,3,11,3,1,66.7,58.8,51.4,48.6,4,2,10,7,1,2,1,0,2022,3,Home win
262,2022-08-27,3:00pm,Anfield,h,53328.0,5,9,15,0,69.4,30.6,19,5,12,2,6,2,1,1,86.5,69.6,3,0,8,1,3,0,83.3,60.0,56.3,43.8,2,4,6,5,0,1,0,0,2022,9,Home win
263,2022-08-27,3:00pm,Etihad Stadium,h,53112.0,1,4,11,2,74.3,25.7,18,2,5,2,9,0,4,0,91.2,74.0,4,1,6,1,2,1,83.3,66.7,66.7,33.3,1,1,14,8,1,2,0,0,2022,6,Home win
264,2022-08-27,5:30pm,Emirates Stadium,h,60164.0,2,2,10,1,72.0,28.0,22,11,8,3,4,6,10,2,85.5,61.9,2,0,9,2,1,0,73.3,45.8,33.3,66.7,2,6,6,12,2,3,0,0,2022,3,Home win
265,2022-08-20,12:30p,Tottenham Hotspur Stadium,h,61298.0,8,1,13,0,49.9,50.1,11,20,4,3,5,8,2,9,87.1,83.6,1,0,8,6,2,0,44.4,66.7,35.7,64.3,3,3,10,8,2,2,0,0,2022,1,Home win
266,2022-08-20,3:00pm,Selhurst Park,h,22012.0,11,3,7,1,50.8,49.2,17,13,9,5,5,6,3,2,84.4,81.3,3,1,4,2,1,1,64.3,46.2,40.9,59.1,4,6,16,14,2,1,0,0,2022,4,Home win
267,2022-08-20,3:00pm,Goodison Park,d,39271.0,17,1,16,1,48.3,51.7,19,14,8,5,6,6,5,3,77.4,73.4,1,0,6,2,4,1,61.5,77.3,40.0,60.0,4,7,6,9,3,2,0,0,2022,2,Draw
268,2022-08-20,3:00pm,Craven Cottage,h,21798.0,10,3,9,2,43.7,56.3,18,13,9,5,4,4,5,4,70.4,75.5,3,3,6,3,5,7,66.7,41.7,46.5,53.5,3,6,13,7,3,2,0,0,2022,5,Home win
269,2022-08-20,3:00pm,The King Power Stadium,a,30850.0,18,1,20,2,62.0,38.0,6,9,1,3,3,5,2,1,81.7,71.6,0,3,2,5,0,1,73.3,63.2,45.9,54.1,1,0,11,15,2,3,0,0,2022,3,Away win
270,2022-08-20,5:30pm,Vitality Stadium,a,10423.0,15,0,2,3,41.8,58.2,6,14,1,6,5,4,0,4,78.8,89.1,0,2,3,4,1,3,36.4,57.1,44.4,55.6,3,1,12,10,2,1,0,0,2022,3,Away win
271,2022-08-15,8:00pm,Anfield,d,52970.0,5,1,11,1,72.6,27.4,24,7,4,3,10,4,10,0,87.0,69.0,3,4,4,2,3,2,75.0,60.9,36.0,64.0,2,3,7,8,2,4,1,0,2022,2,Draw
272,2022-08-14,2:00pm,The City Ground,h,29281.0,16,1,14,0,43.2,56.8,13,19,6,5,4,8,3,6,66.0,74.5,2,0,6,7,3,2,50.0,37.5,47.4,52.6,4,5,10,11,4,1,0,0,2022,1,Home win
273,2022-08-14,4:30pm,Stamford Bridge,d,39946.0,12,2,8,2,63.7,36.3,16,10,3,5,6,2,7,3,85.8,79.1,2,4,8,5,2,1,64.3,48.0,46.7,53.3,3,1,9,9,3,0,0,0,2022,4,Draw
274,2022-08-13,12:30p,Villa Park,h,41883.0,7,2,17,1,57.5,42.5,12,15,4,4,4,2,4,9,84.1,77.0,3,0,5,8,2,3,60.0,68.8,53.8,46.2,4,1,9,7,4,1,0,0,2022,3,Home win
275,2022-08-13,3:00pm,Emirates Stadium,h,60033.0,2,4,18,2,49.9,50.1,19,6,7,2,8,3,4,1,83.5,81.1,3,1,6,2,2,3,75.0,58.3,57.6,42.4,1,4,15,9,1,1,0,0,2022,6,Home win
276,2022-08-13,3:00pm,Amex Stadium,d,31552.0,6,0,4,0,54.5,45.5,13,4,7,1,3,2,3,1,76.5,73.2,3,0,7,3,1,4,77.8,58.3,52.9,47.1,1,5,8,6,2,3,0,0,2022,0,Draw
277,2022-08-13,3:00pm,Etihad Stadium,h,53453.0,1,4,15,0,66.7,33.3,19,3,7,1,6,1,6,1,93.2,81.6,2,0,11,1,2,1,50.0,50.0,52.9,47.1,1,4,9,9,0,3,0,0,2022,4,Home win
278,2022-08-13,3:00pm,St. Mary's Stadium,d,30815.0,20,2,19,2,42.6,57.4,14,13,4,5,7,4,3,4,69.9,74.0,2,3,2,5,1,1,52.9,74.1,42.5,57.5,3,2,10,12,1,3,0,0,2022,4,Draw
279,2022-08-13,3:00pm,Molineux,d,31178.0,13,0,10,0,59.6,40.4,7,9,1,3,5,5,1,1,79.0,71.6,2,1,5,3,1,0,61.1,42.1,53.6,46.4,3,1,7,14,3,3,0,0,2022,0,Draw
280,2022-08-13,5:30pm,Gtech Community Stadium,h,17051.0,9,4,3,0,33.3,66.7,13,15,7,4,3,7,3,4,65.5,84.6,2,0,8,2,1,2,66.7,58.3,41.7,58.3,4,3,6,15,0,4,0,0,2022,4,Home win
281,2022-08-07,2:00pm,The King Power Stadium,d,31794.0,18,2,9,2,55.4,44.6,14,8,5,3,6,4,3,1,87.9,84.5,0,2,5,6,2,2,69.2,60.0,48.3,51.7,1,3,6,5,0,0,0,0,2022,4,Draw
282,2022-08-07,2:00pm,Old Trafford,a,73711.0,3,1,6,2,62.9,37.1,17,15,5,4,5,6,7,5,82.5,70.2,1,1,6,2,3,1,66.7,64.3,55.0,45.0,2,5,7,12,4,1,0,0,2022,3,Away win
283,2022-08-07,4:30pm,London Stadium,a,62443.0,14,0,1,2,24.6,75.4,6,14,1,2,2,8,3,4,78.3,92.9,0,3,1,4,4,1,42.9,66.7,47.6,52.4,0,1,8,4,0,1,0,0,2022,2,Away win
284,2022-08-06,12:30p,Craven Cottage,d,25000.0,10,2,5,2,33.1,66.9,9,11,3,4,2,5,4,2,61.6,77.3,0,3,4,4,4,4,52.0,81.8,63.9,36.1,1,1,7,9,2,0,0,0,2022,4,Draw
285,2022-08-06,3:00pm,Vitality Stadium,h,10000.0,15,2,7,0,34.4,65.6,7,15,3,2,2,7,2,6,70.1,83.9,1,0,5,5,1,4,60.0,80.0,50.0,50.0,2,1,18,16,3,3,0,0,2022,2,Home win
286,2022-08-06,3:00pm,Elland Road,h,36347.0,19,2,13,1,40.1,59.9,12,15,4,6,5,6,3,3,75.8,84.8,2,1,6,4,0,1,66.7,68.8,56.3,43.8,5,3,13,9,2,0,0,0,2022,3,Home win
287,2022-08-06,3:00pm,"St James' Park, Newcastle",h,52245.0,4,2,16,0,61.4,38.6,23,5,10,0,8,3,5,2,80.8,70.4,2,0,11,1,2,0,68.4,73.3,42.9,57.1,0,7,9,14,0,3,0,0,2022,2,Home win
288,2022-08-06,3:00pm,Tottenham Hotspur Stadium,h,61732.0,8,4,20,1,57.5,42.5,18,10,8,2,6,5,4,3,85.0,82.2,1,0,10,2,2,0,62.5,42.9,54.2,45.8,1,5,11,6,3,0,0,0,2022,5,Home win
289,2022-08-06,5:30pm,Goodison Park,a,39254.0,17,0,12,1,37.3,62.7,8,15,4,6,3,3,1,6,73.4,86.6,0,1,4,16,0,2,70.8,47.4,35.3,64.7,5,3,14,11,3,2,0,0,2022,1,Away win
290,2022-08-05,8:00pm,Selhurst Park,a,25286.0,11,0,2,2,56.3,43.7,10,10,2,2,2,4,6,4,86.7,82.2,2,1,3,5,1,2,50.0,55.2,41.7,58.3,1,2,16,11,1,2,0,0,2022,2,Away win
291,2022-05-19,7:45pm,Goodison Park,h,38448.0,17,3,11,2,43.2,56.8,12,7,6,5,4,2,2,0,70.3,77.3,1,1,4,5,0,3,52.0,65.0,58.9,41.1,3,3,9,12,2,3,0,0,2022,5,Home win
292,2022-05-19,8:00pm,Villa Park,d,40468.0,7,1,23,1,71.3,28.7,22,10,9,5,7,2,6,3,90.1,68.4,0,1,13,6,1,0,62.5,54.5,48.3,51.7,3,8,11,20,0,1,0,1,2022,2,Draw
293,2022-05-19,8:00pm,"St James' Park, Newcastle",h,52274.0,4,2,2,0,50.6,49.4,16,11,4,2,7,4,5,5,80.0,77.9,2,0,12,8,6,1,72.2,53.3,66.7,33.3,2,3,11,8,0,3,0,0,2022,2,Home win
294,2022-05-17,7:45pm,St. Mary's Stadium,a,31588.0,20,1,5,2,29.1,70.9,4,24,2,5,0,10,2,9,75.3,89.2,0,0,1,9,0,2,60.0,55.6,53.6,46.4,3,1,6,6,2,0,0,0,2022,3,Away win
295,2022-03-16,8:00pm,Stamford Bridge,d,31478.0,12,1,18,1,67.2,32.8,20,2,7,1,5,1,8,0,92.7,79.2,3,0,6,0,1,1,50.0,44.4,57.9,42.1,0,6,13,7,4,1,0,0,2022,2,Draw
296,2022-05-16,8:15pm,Emirates Stadium,a,59968.0,2,0,5,2,48.4,51.6,9,9,2,3,3,2,4,4,80.6,82.2,1,1,1,6,4,2,75.0,50.0,28.6,71.4,1,2,9,9,0,1,0,0,2022,2,Away win
297,2022-05-15,4:30pm,Goodison Park,a,38819.0,17,2,9,3,27.5,72.5,10,18,5,7,5,10,0,1,67.5,85.3,2,2,5,2,2,1,40.0,21.4,50.0,50.0,4,3,8,8,0,3,2,0,2022,5,Away win
298,2022-05-15,2:00pm,Molineux,d,31219.0,13,1,22,1,64.0,36.0,17,11,4,2,7,8,6,1,89.1,76.6,1,3,5,3,0,0,75.0,58.3,58.3,41.7,1,3,5,10,0,3,0,0,2022,2,Draw
299,2022-05-15,2:00pm,London Stadium,d,59972.0,14,2,1,2,21.8,78.2,6,31,2,8,3,10,1,13,65.1,91.1,1,0,4,9,1,0,63.6,70.0,48.6,51.4,7,0,9,5,3,1,0,0,2022,4,Draw
300,2022-05-15,2:00pm,Elland Road,d,36638.0,19,1,6,1,50.3,49.7,19,15,5,6,10,7,4,2,70.1,73.9,2,4,8,1,1,1,53.8,38.5,37.1,62.9,5,3,16,8,3,2,0,0,2022,2,Draw
301,2022-05-15,2:00pm,Vicarage Road,a,20257.0,21,1,18,5,40.5,59.5,13,13,5,7,8,6,0,0,77.8,85.4,3,5,7,3,3,2,52.6,53.8,40.6,59.4,2,4,4,6,0,1,0,0,2022,6,Away win
302,2022-05-15,2:00pm,Villa Park,d,41136.0,7,1,11,1,48.4,51.6,13,16,4,4,5,6,4,6,82.3,84.2,0,1,1,5,1,0,60.0,33.3,35.7,64.3,3,3,11,15,1,3,0,0,2022,2,Draw
303,2022-05-15,12:00pm,Tottenham Hotspur Stadium,h,61729.0,8,1,23,0,68.3,31.7,21,8,8,1,7,6,6,1,87.8,73.9,2,1,8,2,1,2,66.7,41.2,53.3,46.7,1,6,12,8,3,2,0,0,2022,1,Home win
304,2022-05-12,7:45pm,Tottenham Hotspur Stadium,h,62027.0,8,3,2,0,57.6,42.4,16,9,6,5,5,2,5,2,89.5,85.2,4,0,2,2,1,0,37.5,33.3,50.0,50.0,5,3,8,15,1,3,0,1,2022,3,Home win
305,2022-05-11,8:15pm,Molineux,a,30914.0,13,1,1,5,33.7,66.3,7,15,3,5,3,9,1,1,83.3,91.6,0,3,6,2,2,3,56.3,45.5,26.7,73.3,0,2,2,11,0,1,0,0,2022,6,Away win
306,2022-05-11,7:45pm,Vicarage Road,d,20653.0,21,0,17,0,48.2,51.8,6,16,0,5,5,4,1,7,81.9,79.1,0,0,1,13,1,1,66.7,68.0,44.7,55.3,5,0,5,12,1,2,0,0,2022,0,Draw
307,2022-05-11,7:45pm,The King Power Stadium,h,30892.0,18,3,22,0,64.9,35.1,20,9,8,5,5,4,7,0,89.5,80.5,3,2,10,2,1,0,70.8,63.2,75.0,25.0,5,5,10,5,0,0,0,0,2022,3,Home win
308,2022-05-11,7:30pm,Elland Road,a,36549.0,19,0,12,3,32.1,67.9,5,17,0,4,4,10,1,3,78.6,90.8,1,0,1,5,0,3,62.5,52.9,45.5,54.5,0,0,10,14,1,0,1,0,2022,3,Away win
309,2022-05-10,8:00pm,Villa Park,a,41919.0,7,1,5,2,39.2,60.8,9,17,4,6,5,8,0,3,75.5,83.2,2,1,2,3,3,2,58.3,66.7,54.5,45.5,3,3,10,12,0,0,0,0,2022,3,Away win
310,2022-05-08,4:30pm,Etihad Stadium,h,53336.0,1,5,4,0,71.4,28.6,21,7,9,3,8,3,4,1,90.6,76.9,6,3,8,2,1,4,62.5,47.4,63.6,36.4,3,4,6,11,1,3,0,0,2022,5,Home win
311,2022-05-08,2:00pm,Carrow Road,a,26428.0,22,0,14,4,36.5,63.5,8,13,2,5,2,3,4,5,85.4,90.7,1,1,9,5,2,3,58.3,41.7,46.7,53.3,1,2,7,7,1,1,0,0,2022,4,Away win
312,2022-05-08,2:00pm,Emirates Stadium,h,60108.0,2,2,19,1,63.2,36.8,19,3,9,2,8,0,2,1,89.5,78.3,1,2,8,2,1,0,62.5,62.5,46.7,53.3,1,7,13,15,2,2,0,1,2022,3,Home win
313,2022-05-08,2:00pm,The King Power Stadium,a,32001.0,18,1,17,2,66.0,34.0,16,10,9,4,6,3,1,3,86.4,72.0,2,1,6,1,2,0,56.3,69.2,61.3,38.7,2,7,11,6,3,0,0,0,2022,3,Away win
314,2022-05-07,7:30pm,Anfield,d,53177.0,5,1,8,1,64.9,35.1,22,8,3,3,6,2,13,3,85.8,74.9,0,1,11,5,0,0,57.9,60.0,55.6,44.4,2,2,12,8,3,2,0,0,2022,2,Draw
315,2022-05-07,5:30pm,Amex Stadium,h,31637.0,6,4,3,0,42.0,58.0,17,15,6,5,7,7,4,3,78.6,84.6,3,1,7,6,3,3,81.8,84.6,40.9,59.1,5,1,13,9,0,2,0,0,2022,4,Home win
316,2022-05-07,3:00pm,Stamford Bridge,d,32190.0,12,2,13,2,59.3,40.7,19,14,6,4,8,9,5,1,85.8,78.3,0,2,9,3,2,1,50.0,61.1,60.0,40.0,2,4,7,11,1,3,0,0,2022,4,Draw
317,2022-05-07,3:00pm,Selhurst Park,h,24622.0,11,1,21,0,67.7,32.3,15,6,7,1,4,2,4,3,85.2,69.8,1,0,8,5,2,0,36.4,62.5,45.2,54.8,1,6,11,18,2,1,0,1,2022,1,Home win
318,2022-05-07,3:00pm,Gtech Community Stadium,h,17051.0,9,3,20,0,40.4,59.6,18,19,5,4,8,10,5,5,72.0,80.0,4,0,4,7,0,2,70.0,29.4,51.7,48.3,4,2,12,9,0,1,0,0,2022,3,Home win
319,2022-05-07,3:00pm,Turf Moor,a,20891.0,23,1,7,3,49.0,51.0,14,12,6,7,7,2,1,3,78.1,79.8,1,2,4,5,1,2,37.5,46.2,48.5,51.5,4,5,13,11,1,2,0,0,2022,4,Away win
320,2022-04-30,5:30pm,Elland Road,a,35771.0,19,0,1,4,40.9,59.1,7,19,2,6,1,6,4,7,78.1,88.7,2,5,3,6,3,1,44.8,44.4,42.9,57.1,2,1,13,3,1,2,0,0,2022,4,Away win
321,2022-04-30,3:00pm,Villa Park,h,40290.0,7,2,22,0,45.1,54.9,21,9,6,3,8,6,7,0,79.6,81.9,2,0,2,3,3,0,73.1,50.0,52.6,47.4,3,4,16,8,4,1,0,0,2022,2,Home win
322,2022-04-30,3:00pm,Molineux,a,31243.0,13,0,6,3,49.2,50.8,11,17,1,9,5,4,5,4,82.3,82.7,0,1,7,3,1,1,68.4,81.8,57.1,42.9,6,1,6,4,2,1,0,0,2022,3,Away win
323,2022-04-30,3:00pm,Vicarage Road,a,20738.0,21,1,23,2,46.5,53.5,13,17,1,6,9,5,3,6,63.8,67.9,0,1,5,6,1,0,50.0,56.3,56.6,43.4,4,1,13,9,1,2,0,0,2022,3,Away win
324,2022-04-30,3:00pm,St. Mary's Stadium,a,31359.0,20,1,11,2,38.3,61.7,8,14,3,5,3,3,2,6,67.8,82.4,0,0,6,7,0,4,73.9,62.5,59.3,40.7,3,2,13,11,1,3,0,0,2022,3,Away win
325,2022-04-30,12:30pm,"St James' Park, Newcastle",a,52281.0,4,0,5,1,33.9,66.1,4,24,2,10,1,10,1,4,64.2,83.7,0,2,0,6,9,1,52.6,40.0,54.1,45.9,9,2,11,11,1,3,0,0,2022,1,Away win
326,2022-04-28,7:45pm,Old Trafford,d,73564.0,3,1,12,1,35.2,64.8,6,21,3,6,1,9,2,6,78.8,88.5,1,3,2,9,2,3,75.0,50.0,55.6,44.4,5,2,9,12,0,1,0,0,2022,2,Draw
327,2022-04-25,8:00pm,Selhurst Park,d,25357.0,11,0,19,0,52.5,47.5,17,9,7,2,6,4,4,3,75.2,69.1,0,0,6,3,1,1,53.8,58.6,57.8,42.2,2,7,12,13,2,2,0,0,2022,0,Draw
328,2022-04-24,4:30pm,Anfield,h,53213.0,5,2,17,0,82.4,17.6,18,9,4,1,11,4,3,4,89.1,54.9,2,0,13,1,1,0,66.7,50.0,54.2,45.8,1,2,8,8,2,5,0,0,2022,2,Home win
329,2022-04-24,2:00pm,Stamford Bridge,h,32231.0,12,1,14,0,66.6,33.4,26,6,5,2,9,2,12,2,88.5,74.6,1,0,3,1,2,2,54.5,71.4,50.0,50.0,2,4,11,9,1,0,0,1,2022,1,Home win
330,2022-04-24,2:00pm,Turf Moor,h,19246.0,23,1,13,0,35.9,64.1,14,10,5,4,5,1,4,5,74.1,82.7,1,0,3,6,5,2,70.0,57.1,47.8,52.2,4,4,8,7,3,1,0,0,2022,1,Home win
331,2022-04-24,2:00pm,Amex Stadium,d,31335.0,6,2,20,2,48.8,51.2,8,18,5,5,0,6,3,7,65.1,70.5,1,0,6,6,2,3,47.1,30.8,53.3,46.7,3,4,12,7,1,0,0,0,2022,4,Draw
332,2022-04-20,8:00pm,Etihad Stadium,h,52226.0,1,3,6,0,65.1,34.9,17,2,5,1,4,1,8,0,87.9,73.7,0,0,7,4,1,2,68.8,50.0,56.0,44.0,1,2,12,7,0,3,0,0,2022,3,Home win
333,2022-04-20,7:45pm,Stamford Bridge,a,32249.0,12,2,2,4,68.0,32.0,11,14,2,4,5,7,4,3,85.9,75.6,0,0,6,1,1,4,56.5,45.0,50.0,50.0,0,0,7,6,3,1,0,0,2022,6,Away win
334,2022-04-20,7:45pm,Goodison Park,d,39153.0,17,1,18,1,36.7,63.3,13,11,3,3,8,1,2,7,73.4,81.9,2,0,5,4,0,1,64.3,45.5,52.5,47.5,2,2,8,17,4,2,0,0,2022,2,Draw
335,2022-04-20,7:45pm,"St James' Park, Newcastle",h,51938.0,4,1,11,0,36.3,63.7,13,10,4,2,3,6,6,2,75.2,83.2,0,0,2,5,2,3,66.7,50.0,51.2,48.8,2,3,12,12,1,1,0,0,2022,1,Home win
336,2022-04-19,8:00pm,Anfield,h,52686.0,5,4,3,0,71.6,28.4,14,2,5,1,6,0,3,1,91.2,73.4,4,0,10,2,3,2,73.3,63.6,55.0,45.0,1,1,3,6,1,2,0,0,2022,4,Home win
337,2022-04-17,2:15pm,London Stadium,d,59958.0,14,1,23,1,61.0,39.0,21,9,8,1,8,6,5,2,84.8,72.9,2,0,13,4,1,1,16.7,45.5,50.0,50.0,0,5,9,11,2,2,0,0,2022,2,Draw
338,2022-04-17,2:15pm,"St James' Park, Newcastle",h,52104.0,4,2,18,1,31.3,68.7,16,8,7,2,8,2,1,4,64.0,83.9,1,0,3,5,1,0,53.8,77.3,60.6,39.4,1,5,10,10,2,2,0,0,2022,3,Home win
339,2022-04-16,3:00pm,Old Trafford,h,73381.0,3,3,22,2,60.8,39.2,20,15,9,4,5,7,6,4,89.2,81.1,1,3,6,7,3,0,68.8,55.0,46.7,53.3,2,6,8,6,0,0,0,0,2022,5,Home win
340,2022-04-16,3:00pm,Vicarage Road,a,20747.0,21,1,9,2,50.8,49.2,18,16,4,5,9,7,5,4,75.9,73.8,1,3,6,5,0,0,84.6,54.5,59.1,40.9,3,3,11,9,2,1,0,0,2022,3,Away win
341,2022-04-16,3:00pm,St. Mary's Stadium,h,31465.0,20,1,2,0,24.3,75.7,9,23,3,6,1,12,5,5,61.5,88.9,1,0,6,8,2,0,50.0,58.3,47.4,52.6,6,2,6,6,2,1,0,0,2022,1,Home win
342,2022-04-16,12:30pm,Tottenham Hotspur Stadium,a,58685.0,8,0,6,1,48.6,51.4,5,12,0,5,3,5,2,2,81.9,84.0,1,0,4,4,0,3,53.3,58.8,53.1,46.9,3,0,14,10,3,3,0,0,2022,1,Away win
343,2022-04-10,4:30pm,Etihad Stadium,d,53197.0,1,2,5,2,55.1,44.9,11,6,5,4,4,2,2,0,85.9,80.6,2,3,4,1,5,2,35.3,66.7,50.0,50.0,2,2,9,11,1,4,0,0,2022,4,Draw
344,2022-04-10,2:00pm,Gtech Community Stadium,h,17032.0,9,2,14,0,47.1,52.9,15,5,7,1,3,3,5,1,83.4,84.3,2,0,4,6,1,2,45.5,40.0,53.6,46.4,1,5,2,6,0,1,0,0,2022,2,Home win
345,2022-04-10,2:00pm,The King Power Stadium,h,31896.0,18,2,11,1,50.8,49.2,12,11,3,3,3,3,6,5,84.0,83.4,0,0,3,4,0,0,45.0,47.1,47.8,52.2,2,1,11,12,1,1,0,0,2022,3,Home win
346,2022-04-10,2:00pm,Carrow Road,h,26361.0,22,2,23,0,44.9,55.1,17,18,6,4,6,9,5,5,65.1,68.7,2,1,6,7,3,3,70.0,52.2,50.0,50.0,3,4,12,10,1,1,0,0,2022,2,Home win
347,2022-04-09,5:30pm,Villa Park,a,41949.0,7,0,8,4,51.5,48.5,19,11,8,5,5,1,6,5,88.9,87.6,2,1,9,3,1,2,66.7,45.0,62.5,37.5,1,8,12,14,2,3,0,0,2022,4,Away win
348,2022-04-09,3:00pm,Vicarage Road,a,20957.0,21,0,19,3,48.2,51.8,8,10,1,5,7,5,0,0,66.6,63.8,2,0,3,8,3,1,71.4,58.7,53.2,46.8,2,1,8,12,2,0,0,0,2022,3,Away win
349,2022-04-09,3:00pm,St. Mary's Stadium,a,31359.0,20,0,12,6,29.0,71.0,4,24,1,14,0,8,3,2,74.7,88.5,1,4,3,3,0,1,61.1,65.5,31.0,69.0,8,1,11,10,1,0,0,0,2022,6,Away win
350,2022-04-09,3:00pm,Emirates Stadium,a,60112.0,2,1,6,2,64.6,35.4,20,8,4,3,5,4,11,1,83.2,71.4,2,1,11,2,2,2,66.7,61.9,36.0,64.0,1,3,12,19,3,4,0,0,2022,3,Away win
351,2022-04-09,12:30pm,Goodison Park,h,39080.0,17,1,3,0,32.5,67.5,7,12,3,4,2,1,2,7,66.1,81.6,0,1,5,7,1,2,66.7,66.7,36.4,63.6,4,2,4,10,2,2,0,0,2022,1,Home win
352,2022-04-08,8:00pm,"St James' Park, Newcastle",h,52164.0,4,1,13,0,41.1,58.9,12,5,4,2,3,2,5,1,81.5,83.0,0,0,1,2,1,0,63.6,50.0,52.4,47.6,2,3,6,13,1,1,0,0,2022,1,Home win
353,2022-04-06,7:30pm,Turf Moor,h,19830.0,23,3,17,2,50.9,49.1,13,16,4,4,6,4,3,8,65.6,63.9,3,0,9,6,1,0,18.2,57.9,58.8,41.2,2,1,11,16,2,2,0,0,2022,5,Home win
354,2022-04-04,8:00pm,Selhurst Park,h,25149.0,11,3,2,0,31.4,68.6,6,12,5,3,1,8,0,1,71.0,86.1,2,1,0,2,2,4,44.4,56.3,52.4,47.6,3,2,11,15,0,2,0,0,2022,3,Home win
355,2022-03-20,4:30pm,Tottenham Hotspur Stadium,h,58685.0,8,3,14,1,52.7,47.3,17,6,4,1,8,5,5,0,90.4,88.8,4,1,5,3,1,0,69.2,50.0,56.3,43.8,0,2,7,7,0,1,0,0,2022,4,Home win
356,2022-03-20,2:00pm,The King Power Stadium,h,31830.0,18,2,9,1,52.8,47.2,12,15,4,6,6,3,2,6,85.8,82.3,3,2,2,5,2,3,57.1,37.5,46.9,53.1,5,2,10,10,1,2,0,0,2022,3,Home win
357,2022-03-19,12:30pm,Villa Park,a,41956.0,7,0,2,1,47.0,53.0,8,10,1,3,6,3,1,4,84.8,86.2,0,1,6,5,1,1,60.0,76.9,45.5,54.5,3,1,13,14,3,3,0,0,2022,1,Away win
358,2022-03-18,8:00pm,Molineux,a,31842.0,13,2,19,3,47.8,52.2,14,15,8,6,4,7,2,2,80.4,80.4,2,4,2,5,1,3,60.0,65.4,41.7,58.3,2,6,13,14,1,5,1,0,2022,5,Away win
359,2022-03-17,7:45pm,Goodison Park,h,39068.0,17,1,4,0,38.3,61.7,9,17,3,6,3,6,3,5,66.3,77.0,1,0,5,7,1,1,50.0,73.3,47.0,53.0,6,2,13,11,2,1,1,0,2022,1,Home win
360,2022-03-16,7:30pm,Amex Stadium,a,31144.0,6,0,8,2,48.2,51.8,15,17,0,7,7,4,8,6,85.5,87.3,1,2,6,3,3,1,62.5,72.7,47.6,52.4,5,0,11,9,2,2,0,0,2022,2,Away win
361,2022-03-14,8:00pm,Selhurst Park,d,25309.0,11,0,1,0,26.2,73.8,7,19,1,4,5,9,1,6,64.7,86.7,0,2,2,6,2,3,56.3,69.2,26.7,73.3,5,1,6,11,3,1,0,0,2022,0,Draw
362,2022-03-13,4:30pm,Emirates Stadium,h,60111.0,2,2,18,0,46.0,54.0,21,6,8,3,4,1,9,2,86.1,87.6,1,1,2,6,2,0,60.0,58.8,42.9,57.1,3,5,8,10,0,3,0,0,2022,2,Home win
363,2022-03-13,2:00pm,London Stadium,h,59957.0,14,2,7,1,47.1,52.9,11,13,4,7,5,2,2,4,82.4,84.4,1,1,5,7,0,0,27.3,58.8,48.3,51.7,6,2,9,3,1,0,0,0,2022,3,Home win
364,2022-03-13,2:00pm,Elland Road,h,36321.0,19,2,22,1,52.5,47.5,13,12,7,4,5,4,1,4,74.8,72.8,4,2,6,2,2,3,60.7,75.0,45.2,54.8,3,5,18,8,3,1,0,0,2022,3,Home win
365,2022-03-13,2:00pm,St. Mary's Stadium,a,28863.0,20,1,21,2,62.5,37.5,13,9,7,5,5,3,1,1,77.5,66.3,2,2,11,3,0,0,52.9,83.3,45.1,54.9,3,5,8,12,3,2,0,0,2022,3,Away win
366,2022-03-13,2:00pm,Goodison Park,a,39112.0,17,0,13,1,38.0,62.0,7,14,2,3,5,5,0,6,77.5,86.8,0,0,5,2,7,0,50.0,66.7,47.8,52.2,2,2,13,11,2,1,1,0,2022,1,Away win
367,2022-03-13,2:00pm,Stamford Bridge,h,40026.0,12,1,4,0,72.8,27.2,8,7,3,2,4,5,1,0,86.1,62.2,2,0,7,2,3,6,57.1,37.5,40.0,60.0,2,2,17,17,4,3,0,0,2022,1,Home win
368,2022-03-12,5:30pm,Old Trafford,h,73458.0,3,3,8,2,43.5,56.5,10,10,6,3,3,2,1,5,85.2,89.0,1,1,4,5,0,2,69.2,56.3,50.0,50.0,1,3,8,7,2,1,0,0,2022,5,Home win
369,2022-03-12,3:00pm,Gtech Community Stadium,h,16984.0,9,2,23,0,54.9,45.1,13,7,4,1,3,5,6,1,68.4,63.8,1,1,2,9,4,4,68.8,60.0,51.1,48.9,1,1,6,10,1,1,0,1,2022,2,Home win
370,2022-03-12,12:30pm,Amex Stadium,a,31474.0,6,0,5,2,51.8,48.2,8,18,3,9,4,6,1,3,78.1,78.1,1,2,7,6,1,1,38.5,60.0,46.2,53.8,7,3,12,15,3,1,0,0,2022,2,Away win
371,2022-03-10,7:45pm,Elland Road,a,36400.0,19,0,7,3,50.9,49.1,4,15,1,9,2,2,1,4,78.5,83.2,0,1,3,5,3,5,72.0,53.3,40.0,60.0,6,1,17,11,5,3,0,0,2022,3,Away win
372,2022-03-10,7:30pm,St. Mary's Stadium,a,31016.0,20,1,4,2,67.8,32.2,14,8,5,4,4,1,5,3,84.1,68.6,2,2,12,5,1,1,33.3,33.3,48.7,51.3,1,4,6,7,1,1,0,0,2022,3,Away win
373,2022-03-10,7:30pm,Molineux,h,29658.0,13,4,21,0,65.8,34.2,10,9,5,0,4,5,1,4,88.7,78.4,2,0,5,2,1,4,70.0,53.8,60.0,40.0,0,2,11,10,2,2,0,0,2022,4,Home win
374,2022-03-10,7:30pm,Carrow Road,a,26722.0,22,1,12,3,33.7,66.3,8,15,3,7,4,5,1,3,82.7,91.7,0,3,3,8,2,1,56.3,66.7,26.7,73.3,4,2,8,15,0,2,0,0,2022,4,Away win
375,2022-03-07,8:00pm,Tottenham Hotspur Stadium,h,59647.0,8,5,17,0,55.0,45.0,14,6,7,0,5,2,2,4,89.7,86.2,6,0,5,2,0,1,52.0,50.0,83.3,16.7,0,3,15,10,2,0,0,0,2022,5,Home win
376,2022-03-06,4:30pm,Etihad Stadium,h,53165.0,1,4,3,1,69.4,30.6,24,5,10,2,6,1,8,2,93.0,83.4,3,0,9,3,0,1,61.5,43.8,33.3,66.7,2,6,10,14,0,1,0,0,2022,5,Home win
377,2022-03-06,2:00pm,Vicarage Road,a,21142.0,21,2,2,3,43.0,57.0,13,16,7,4,3,9,3,3,76.2,84.4,2,0,1,5,2,0,35.3,65.0,77.5,22.5,1,5,5,12,1,2,0,0,2022,5,Away win
378,2022-03-05,5:30pm,Anfield,h,53059.0,5,1,14,0,68.7,31.3,22,13,5,5,10,5,7,3,86.6,73.1,2,2,4,6,1,4,54.5,50.0,60.0,40.0,4,4,7,7,2,1,0,0,2022,1,Home win
379,2022-03-05,3:00pm,Villa Park,h,41855.0,7,4,20,0,38.2,61.8,14,11,9,1,4,7,1,3,73.9,84.4,6,3,4,7,0,1,78.6,73.3,50.0,50.0,1,5,10,8,1,1,0,0,2022,4,Home win
380,2022-03-05,3:00pm,Turf Moor,a,19439.0,23,0,12,4,27.4,72.6,6,11,1,5,2,0,3,6,68.1,90.1,0,2,5,2,1,1,44.0,64.3,50.0,50.0,1,0,12,7,2,0,0,0,2022,4,Away win
381,2022-03-05,3:00pm,Carrow Road,a,26887.0,22,1,9,3,59.6,40.4,15,10,7,6,3,1,5,3,77.0,69.8,1,1,5,5,1,3,69.2,66.7,40.0,60.0,3,6,13,18,2,5,0,0,2022,4,Away win
382,2022-03-05,3:00pm,Molineux,a,31395.0,13,0,11,2,64.0,36.0,12,12,5,8,4,1,3,3,81.3,73.7,1,0,7,7,1,8,40.0,57.1,48.1,51.9,6,5,13,8,0,3,0,0,2022,2,Away win
383,2022-03-05,3:00pm,"St James' Park, Newcastle",h,52214.0,4,2,6,1,32.4,67.6,10,15,4,4,4,3,2,8,62.8,82.6,2,2,4,7,0,4,66.7,54.5,40.0,60.0,3,2,8,10,1,1,0,0,2022,3,Home win
384,2022-03-05,12:30pm,The King Power Stadium,h,32236.0,18,1,19,0,51.0,49.0,7,19,4,4,0,9,3,6,79.4,80.4,0,1,5,10,2,0,52.2,38.1,63.3,36.7,4,3,9,12,1,2,0,0,2022,1,Home win
385,2022-02-27,2:00pm,London Stadium,h,59946.0,14,1,13,0,39.0,61.0,13,14,4,1,8,4,1,9,79.3,85.7,2,1,3,5,2,1,60.0,69.2,70.0,30.0,1,3,8,2,1,0,0,0,2022,1,Home win
386,2022-02-26,5:30pm,Goodison Park,a,39105.0,17,0,1,1,32.6,67.4,6,13,2,8,3,3,1,2,76.3,88.3,1,1,3,4,4,2,45.5,47.1,29.2,70.8,7,2,7,14,3,2,0,0,2022,1,Away win
387,2022-02-26,3:00pm,Amex Stadium,a,31475.0,6,0,7,2,66.5,33.5,12,9,1,4,6,2,5,3,87.7,78.9,1,1,7,2,0,0,64.7,63.6,52.2,47.8,2,1,17,11,4,5,0,0,2022,2,Away win
388,2022-02-26,3:00pm,Old Trafford,d,73152.0,3,0,21,0,67.3,32.7,22,10,3,2,12,5,7,3,84.9,70.4,4,0,4,3,2,2,60.0,54.5,67.7,32.3,2,3,2,7,0,0,0,0,2022,0,Draw
389,2022-02-26,3:00pm,Gtech Community Stadium,a,17039.0,9,0,4,2,37.3,62.7,6,26,1,11,3,10,2,5,66.1,82.9,1,2,6,6,0,0,66.7,38.5,51.2,48.8,9,1,9,7,3,1,1,0,2022,2,Away win
390,2022-02-26,3:00pm,Selhurst Park,d,24203.0,11,1,23,1,59.2,40.8,11,5,4,1,2,2,5,2,76.7,67.3,1,0,5,4,0,2,84.6,41.7,32.4,67.6,1,3,5,16,0,2,0,0,2022,2,Draw
391,2022-02-26,12:30pm,Elland Road,a,36599.0,19,0,8,4,49.6,50.4,19,15,3,11,10,2,6,2,86.2,88.2,1,4,3,0,0,3,35.3,60.0,55.6,44.4,6,2,16,11,4,2,0,0,2022,4,Away win
392,2022-02-25,8:00pm,St. Mary's Stadium,h,31182.0,20,2,22,0,58.1,41.9,27,8,9,1,12,3,6,4,81.2,75.8,2,0,13,6,2,1,55.6,55.6,57.6,42.4,1,7,12,9,1,2,0,0,2022,2,Home win
393,2022-02-24,7:45pm,Emirates Stadium,h,59888.0,2,2,13,1,55.5,44.5,26,6,5,2,11,4,10,0,82.9,74.4,2,2,5,4,2,2,50.0,71.4,47.8,52.2,1,4,8,9,1,1,0,0,2022,3,Home win
394,2022-02-20,4:30pm,Molineux,h,31497.0,13,2,18,1,36.3,63.7,11,17,3,7,5,6,3,4,78.4,87.7,0,1,7,10,2,2,40.9,63.6,68.0,32.0,6,1,12,9,4,4,0,0,2022,3,Home win
395,2022-02-20,2:00pm,Elland Road,a,36715.0,19,2,3,4,54.5,45.5,16,15,6,9,6,2,4,4,78.2,72.6,1,4,3,3,4,2,50.0,52.6,36.4,63.6,5,4,13,19,6,3,0,0,2022,6,Away win
396,2022-02-19,5:30pm,Etihad Stadium,a,53201.0,1,2,8,3,71.2,28.8,21,6,4,5,11,1,6,0,91.1,78.6,0,4,10,0,1,3,76.9,53.8,59.1,40.9,2,2,5,7,0,3,0,0,2022,5,Away win
397,2022-02-19,3:00pm,Villa Park,a,41936.0,7,0,21,1,59.6,40.4,20,8,1,4,11,3,8,1,84.0,75.2,1,4,10,5,0,0,63.2,47.1,48.5,51.5,3,1,12,7,1,2,0,0,2022,1,Away win
398,2022-02-19,3:00pm,Anfield,h,53135.0,5,3,22,1,69.4,30.6,29,6,8,1,11,4,10,1,89.4,71.4,6,1,9,4,1,5,35.7,47.4,56.7,43.3,0,4,7,8,0,1,0,0,2022,4,Home win
399,2022-02-19,3:00pm,St. Mary's Stadium,h,31312.0,20,2,17,0,55.8,44.2,19,9,11,0,5,5,3,4,78.9,70.3,4,0,4,4,4,2,47.6,55.0,64.9,35.1,0,9,6,9,0,2,0,0,2022,2,Home win
400,2022-02-19,3:00pm,Selhurst Park,a,25109.0,11,0,12,1,42.6,57.4,7,9,0,3,5,3,2,3,79.4,82.6,1,1,4,4,1,3,63.6,47.1,50.0,50.0,2,0,4,20,1,3,0,0,2022,1,Away win
401,2022-02-19,3:00pm,Amex Stadium,a,29921.0,6,0,23,3,68.9,31.1,11,10,1,4,6,2,4,4,85.0,62.7,0,1,4,4,1,3,61.5,70.6,48.0,52.0,1,1,12,12,1,4,0,0,2022,3,Away win
402,2022-02-19,3:00pm,Emirates Stadium,h,60015.0,2,2,9,1,66.4,33.6,24,6,8,2,8,1,8,3,85.8,72.4,0,1,14,0,1,2,78.6,42.9,39.3,60.7,1,5,10,5,1,1,0,0,2022,3,Home win
403,2022-02-19,12:30pm,London Stadium,d,59949.0,14,1,4,1,47.0,53.0,11,14,3,3,2,5,6,6,75.8,78.7,1,1,3,7,2,1,72.7,58.3,58.1,41.9,2,2,3,7,3,3,0,0,2022,2,Draw
404,2022-02-15,8:15pm,Old Trafford,h,73012.0,3,2,6,0,50.0,50.0,19,10,7,3,4,6,8,1,81.6,84.3,5,3,10,2,1,1,55.6,41.2,70.0,30.0,3,5,8,10,3,1,0,1,2022,2,Home win
405,2022-02-13,4:30pm,The King Power Stadium,d,32061.0,18,2,14,2,55.4,44.6,13,8,2,3,7,2,4,3,82.4,79.7,0,1,5,4,0,0,38.1,57.1,30.3,69.7,1,0,10,9,1,2,0,0,2022,4,Draw
406,2022-02-13,2:00pm,Tottenham Hotspur Stadium,a,56452.0,8,0,13,2,58.6,41.4,17,11,7,7,5,1,5,3,83.6,75.2,0,1,7,3,3,1,73.3,46.7,65.6,34.4,5,7,13,13,3,1,0,0,2022,2,Away win
407,2022-02-13,2:00pm,Turf Moor,a,21239.0,23,0,5,1,32.6,67.4,8,12,5,4,3,5,0,3,65.3,82.4,2,2,5,8,7,3,85.7,27.3,42.9,57.1,3,5,7,6,0,1,0,0,2022,1,Away win
408,2022-02-13,2:00pm,"St James' Park, Newcastle",h,52207.0,4,1,7,0,37.0,63.0,10,11,2,1,4,6,4,4,67.9,76.9,0,0,3,6,3,2,53.3,50.0,64.7,35.3,1,1,22,15,3,4,0,0,2022,1,Home win
409,2022-02-12,5:30pm,Carrow Road,a,27010.0,22,0,1,4,28.5,71.5,8,22,3,9,4,8,1,5,75.4,90.5,0,4,4,12,2,2,54.5,60.0,52.0,48.0,5,3,7,8,0,2,0,0,2022,4,Away win
410,2022-02-12,3:00pm,Vicarage Road,a,20795.0,21,0,6,2,35.2,64.8,9,11,1,6,5,2,3,3,68.6,79.2,0,2,4,5,1,1,72.2,52.4,21.6,78.4,3,1,16,9,3,2,0,0,2022,2,Away win
411,2022-02-12,3:00pm,Goodison Park,h,39150.0,17,3,19,0,41.7,58.3,21,7,10,0,2,4,9,3,74.1,80.1,1,0,5,3,1,0,72.7,55.2,54.8,45.2,0,7,8,9,1,1,0,0,2022,3,Home win
412,2022-02-12,3:00pm,Gtech Community Stadium,d,16958.0,9,0,11,0,42.6,57.4,9,6,2,3,5,2,2,1,69.0,77.4,3,1,3,9,0,0,58.1,64.7,60.0,40.0,3,2,10,10,1,0,0,0,2022,0,Draw
413,2022-02-12,12:30pm,Old Trafford,d,73084.0,3,1,20,1,52.3,47.7,12,13,8,4,2,6,2,3,81.4,80.7,4,1,1,4,7,1,50.0,58.8,60.0,40.0,3,6,12,13,4,0,0,0,2022,2,Draw
414,2022-02-10,7:45pm,Anfield,h,53050.0,5,2,18,0,65.0,35.0,22,5,11,1,7,3,4,1,84.7,71.0,2,1,7,6,3,4,61.1,39.1,70.6,29.4,1,9,11,7,1,0,0,0,2022,2,Home win
415,2022-02-10,7:45pm,Molineux,a,31523.0,13,0,2,1,58.3,41.7,15,12,4,2,7,3,4,7,81.7,76.4,0,2,7,4,1,2,41.7,58.8,54.8,45.2,1,4,12,13,2,3,0,1,2022,1,Away win
416,2022-02-09,8:00pm,Villa Park,d,41927.0,7,3,19,3,39.5,60.5,12,16,4,8,6,5,2,3,74.8,82.9,2,1,6,11,1,2,59.1,66.7,71.4,28.6,4,2,11,9,1,3,1,0,2022,6,Draw
417,2022-02-09,7:45pm,Tottenham Hotspur Stadium,a,54012.0,8,2,20,3,47.7,52.3,8,23,3,10,2,10,3,3,80.1,82.0,3,4,2,8,3,1,50.0,42.9,63.8,36.2,6,2,7,13,2,3,0,0,2022,5,Away win
418,2022-02-09,7:45pm,Carrow Road,d,26652.0,22,1,11,1,28.3,71.7,5,13,1,5,2,4,2,4,62.1,85.8,0,0,4,6,1,2,60.0,60.0,34.4,65.6,4,0,11,16,1,2,0,0,2022,2,Draw
419,2022-02-09,7:45pm,Etihad Stadium,h,51658.0,1,2,9,0,75.6,24.4,15,6,7,2,6,2,2,2,88.4,59.5,1,1,9,3,2,10,71.4,61.5,70.4,29.6,2,5,7,13,0,0,0,0,2022,2,Home win
420,2022-02-08,8:00pm,Turf Moor,h,21233.0,23,1,3,1,35.9,64.1,9,22,3,5,5,5,1,12,67.0,81.5,1,0,2,10,2,1,56.0,73.3,33.3,66.7,4,2,11,10,2,1,0,0,2022,2,Draw
421,2022-02-08,7:45pm,London Stadium,h,59581.0,14,1,21,0,64.3,35.7,9,6,3,1,4,4,2,1,80.3,70.1,1,0,5,6,3,1,50.0,70.6,62.7,37.3,1,1,1,6,1,0,0,0,2022,1,Home win
422,2022-02-08,7:45pm,"St James' Park, Newcastle",h,52186.0,4,3,17,1,39.3,60.7,20,11,9,3,6,3,5,5,65.4,77.1,1,1,6,2,1,1,33.3,47.4,56.6,43.4,2,7,13,13,2,3,0,0,2022,4,Home win
423,2022-02-05,6:00pm,Turf Moor,d,19527.0,23,0,21,0,51.6,48.4,13,11,2,5,7,4,4,2,69.1,68.2,0,1,4,7,3,0,42.9,68.8,51.1,48.9,5,2,16,9,1,2,0,0,2022,0,Draw
424,2022-01-19,8:00pm,Gtech Community Stadium,a,17094.0,9,1,3,3,43.7,56.3,18,13,9,5,4,2,5,6,71.9,79.2,4,4,6,9,3,1,64.7,63.2,35.4,64.6,2,8,7,9,0,0,0,0,2022,4,Away win
425,2022-01-19,7:30pm,The King Power Stadium,a,31986.0,18,2,8,3,48.8,51.2,14,27,4,10,5,10,5,7,86.3,88.0,2,6,3,8,1,0,70.6,55.0,41.7,58.3,5,2,6,12,1,2,0,0,2022,5,Away win
426,2022-01-18,8:00pm,Amex Stadium,d,30880.0,6,1,12,1,43.2,56.8,10,15,2,3,3,5,5,7,82.2,86.9,1,0,5,7,1,0,68.8,50.0,34.8,65.2,2,1,8,5,1,2,0,0,2022,2,Draw
427,2022-01-16,2:00pm,London Stadium,a,59951.0,14,2,19,3,47.4,52.6,15,18,5,5,6,9,4,4,69.9,72.9,3,3,4,3,1,1,59.1,56.5,58.5,41.5,2,3,6,9,3,2,0,0,2022,5,Away win
428,2022-01-16,2:00pm,Anfield,h,52824.0,5,3,9,0,68.3,31.7,27,6,13,1,8,3,6,2,82.7,62.6,4,0,9,0,2,7,77.8,42.9,55.8,44.2,1,10,6,6,0,1,0,0,2022,3,Home win
429,2022-01-15,5:30pm,Villa Park,d,41968.0,7,2,3,2,54.6,45.4,13,13,9,6,4,4,0,3,84.1,81.6,1,1,3,6,1,1,76.5,47.8,53.8,46.2,4,7,8,13,1,2,0,0,2022,4,Draw
430,2022-01-15,3:00pm,"St James' Park, Newcastle",d,52223.0,4,1,21,1,52.0,48.0,12,18,1,5,8,6,3,7,75.7,79.0,1,2,4,6,1,1,66.7,57.9,53.4,46.6,4,0,13,13,3,2,0,0,2022,2,Draw
431,2022-01-15,3:00pm,Molineux,h,30057.0,13,3,20,1,42.7,57.3,9,13,5,10,3,3,1,0,71.6,81.0,2,3,2,10,2,1,73.9,50.0,40.6,59.4,9,2,13,14,2,3,0,0,2022,4,Home win
432,2022-01-15,3:00pm,Carrow Road,h,26629.0,22,2,17,1,40.4,59.6,14,12,3,5,6,1,5,6,70.4,79.5,1,0,8,8,3,1,33.3,72.2,67.7,32.3,4,2,12,14,3,1,0,0,2022,3,Home win
433,2022-01-15,12:30pm,Etihad Stadium,h,53319.0,1,1,12,0,55.7,44.3,11,4,6,1,3,2,2,1,86.0,84.5,1,1,9,1,3,4,62.5,59.1,72.7,27.3,1,5,11,6,0,2,0,0,2022,1,Home win
434,2022-01-14,8:00pm,Amex Stadium,d,30675.0,6,1,11,1,63.3,36.7,19,3,4,1,10,1,5,1,82.6,73.0,2,1,9,0,1,2,57.1,64.7,65.5,34.5,1,4,11,7,0,2,0,0,2022,2,Draw
435,2022-01-12,7:45pm,London Stadium,h,59775.0,14,2,22,0,61.6,38.4,13,7,5,3,5,3,3,1,84.2,74.2,5,0,11,2,4,3,37.5,80.0,57.1,42.9,3,3,9,8,0,0,0,0,2022,2,Home win
436,2022-01-11,7:45pm,St. Mary's Stadium,h,27383.0,20,4,9,1,48.9,51.1,12,5,6,4,4,0,2,1,74.7,73.1,3,1,5,2,0,1,50.0,40.0,45.9,54.1,3,3,9,8,0,1,0,0,2022,5,Home win
437,2021-12-30,8:15pm,Old Trafford,h,73121.0,3,3,23,1,57.3,42.7,18,10,6,3,9,4,3,3,77.9,77.5,2,2,7,5,2,4,62.5,42.9,45.7,54.3,2,4,5,10,0,0,0,0,2021,4,Home win
438,2021-12-29,8:15pm,Gtech Community Stadium,a,17009.0,9,0,1,1,23.7,76.3,6,12,2,3,2,5,2,4,62.7,88.5,0,1,3,5,0,3,35.3,36.4,45.5,54.5,2,3,12,10,0,0,0,0,2021,1,Away win
439,2021-12-29,7:30pm,Stamford Bridge,d,40080.0,12,1,6,1,47.7,52.3,11,18,5,6,3,8,3,4,79.8,80.1,0,0,10,8,1,0,65.2,60.9,58.8,41.2,5,4,14,7,4,1,0,0,2021,2,Draw
440,2021-12-28,8:00pm,The King Power Stadium,h,32230.0,18,1,5,0,36.6,63.4,6,21,1,4,2,12,3,5,73.2,81.6,1,2,1,12,3,1,52.9,66.7,54.1,45.9,4,0,8,11,0,1,0,0,2021,1,Home win
441,2021-12-28,3:00pm,St. Mary's Stadium,d,31304.0,20,1,8,1,34.6,65.4,9,21,2,11,3,5,4,5,69.3,84.3,0,3,3,7,3,3,26.7,77.8,51.2,48.8,10,1,15,5,2,2,1,0,2021,2,Draw
442,2021-12-28,3:00pm,Vicarage Road,a,20073.0,21,1,14,4,43.0,57.0,14,13,5,6,5,3,4,4,66.1,74.7,2,4,4,5,0,1,75.0,60.0,56.8,43.2,2,4,12,12,0,1,0,0,2021,5,Away win
443,2021-12-28,3:00pm,Selhurst Park,h,24433.0,11,3,22,0,50.9,49.1,19,12,6,3,6,2,7,7,78.3,79.3,0,0,8,8,1,3,61.5,50.0,58.8,41.2,2,3,9,13,1,2,0,0,2021,3,Home win
444,2021-12-27,8:00pm,"St James' Park, Newcastle",d,52178.0,4,1,3,1,31.4,68.6,13,13,8,4,3,3,2,6,64.5,80.4,1,3,2,3,2,3,55.6,58.8,36.0,64.0,2,7,11,8,3,3,0,0,2021,2,Draw
445,2021-12-26,8:00pm,Amex Stadium,h,30141.0,6,2,9,0,50.4,49.6,15,16,5,6,7,6,3,4,80.3,77.3,1,1,6,9,2,3,53.8,56.3,57.1,42.9,5,3,8,10,1,3,0,0,2021,2,Home win
446,2021-12-26,5:30pm,Villa Park,a,41907.0,7,1,12,3,42.1,57.9,8,10,1,4,2,3,5,3,85.7,88.8,0,2,2,5,2,2,52.9,58.8,46.7,53.3,1,1,8,11,3,1,0,0,2021,4,Away win
447,2021-12-26,3:00pm,London Stadium,a,41027.0,14,2,20,3,55.8,44.2,11,11,5,6,3,2,3,3,80.3,76.7,2,0,10,2,2,1,76.9,52.6,47.5,52.5,3,2,10,9,2,3,0,0,2021,5,Away win
448,2021-12-26,3:00pm,Tottenham Hotspur Stadium,h,40539.0,8,3,11,0,59.7,40.3,17,4,6,0,6,2,5,2,91.0,82.8,4,0,4,2,1,0,65.2,55.6,62.5,37.5,0,3,16,9,1,1,0,1,2021,3,Home win
449,2021-12-26,3:00pm,Carrow Road,a,26940.0,22,0,2,5,35.2,64.8,4,16,2,6,1,4,1,6,72.6,84.3,0,1,3,5,3,2,47.1,84.6,30.3,69.7,1,2,13,7,1,2,0,0,2021,5,Away win
450,2021-12-26,3:00pm,Etihad Stadium,h,53226.0,1,6,18,3,71.8,28.2,17,14,9,8,3,5,5,1,94.2,86.6,2,4,14,4,2,1,42.9,66.7,40.0,60.0,5,2,11,9,1,2,0,0,2021,9,Home win
451,2021-12-19,4:30pm,Tottenham Hotspur Stadium,d,45421.0,8,2,5,2,43.7,56.3,10,18,5,6,3,6,2,6,76.3,81.5,4,1,6,4,3,1,73.3,52.0,59.3,40.7,4,3,12,11,4,4,0,1,2021,4,Draw
452,2021-12-19,2:00pm,Molineux,d,30631.0,13,0,12,0,36.9,63.1,4,8,1,1,1,1,2,6,77.8,87.8,1,1,4,9,2,4,47.1,56.3,44.0,56.0,1,1,9,7,0,2,0,0,2021,0,Draw
453,2021-12-19,2:00pm,"St James' Park, Newcastle",a,52127.0,4,0,1,4,28.1,71.9,5,18,1,7,4,8,0,3,81.1,91.1,0,5,3,6,4,2,53.8,47.6,60.0,40.0,3,1,9,6,1,2,0,0,2021,4,Away win
454,2021-12-18,5:30pm,Elland Road,a,36166.0,19,1,2,4,50.9,49.1,9,21,2,12,6,3,1,6,77.0,77.8,1,5,1,4,0,1,28.6,53.8,35.3,64.7,8,1,11,7,3,1,0,0,2021,5,Away win
455,2021-12-16,8:00pm,Anfield,h,52951.0,5,3,4,1,74.2,25.8,23,5,8,3,9,2,6,0,85.1,60.1,2,0,11,0,2,1,75.0,83.3,64.0,36.0,2,6,9,4,1,3,0,0,2021,4,Home win
456,2021-12-16,7:45pm,Stamford Bridge,d,39933.0,12,1,17,1,80.1,19.9,23,5,10,3,10,1,3,1,89.8,55.7,5,1,7,1,0,2,72.7,42.1,56.3,43.8,2,9,11,11,2,3,0,0,2021,2,Draw
457,2021-12-15,8:00pm,Emirates Stadium,h,59777.0,2,2,14,0,56.2,43.8,21,7,8,1,5,3,8,3,83.8,81.1,1,0,5,2,0,0,59.1,77.8,47.4,52.6,1,6,9,9,2,0,0,1,2021,2,Home win
458,2021-12-15,7:30pm,Selhurst Park,d,22861.0,11,2,20,2,59.7,40.3,9,15,6,4,2,7,1,4,74.3,64.5,2,0,4,6,1,3,50.0,83.3,52.2,47.8,2,4,16,20,2,4,0,0,2021,4,Draw
459,2021-12-15,7:30pm,Amex Stadium,a,30362.0,6,0,13,1,59.3,40.7,12,8,2,5,7,2,3,1,84.2,77.5,2,2,7,4,1,1,50.0,52.9,45.0,55.0,4,2,11,15,2,0,0,0,2021,1,Away win
460,2021-12-14,8:00pm,Etihad Stadium,h,52401.0,1,7,19,0,64.2,35.8,31,6,15,3,9,2,7,1,91.6,80.8,3,0,6,2,1,0,41.7,53.3,66.7,33.3,3,8,5,9,1,1,0,0,2021,7,Home win
461,2021-12-14,7:45pm,Carrow Road,a,26836.0,22,0,7,2,50.2,49.8,7,17,3,6,1,3,3,8,82.7,83.0,0,1,7,10,0,0,60.9,47.1,53.8,46.2,4,3,12,9,3,1,0,0,2021,2,Away win
462,2021-12-12,4:30pm,Selhurst Park,h,24066.0,11,3,17,1,61.2,38.8,17,12,6,6,5,1,6,5,83.4,70.3,1,1,8,2,1,0,80.0,64.0,65.9,34.1,5,3,15,14,0,2,0,0,2021,4,Home win
463,2021-12-12,2:00pm,The King Power Stadium,h,31959.0,18,4,4,0,47.3,52.7,8,12,5,3,2,3,1,6,79.3,79.8,2,0,4,6,0,1,65.0,61.5,46.7,53.3,3,1,9,16,2,3,0,0,2021,4,Home win
464,2021-12-12,2:00pm,Turf Moor,d,18065.0,23,0,14,0,40.1,59.9,9,16,1,3,5,8,3,5,64.2,74.3,0,0,6,14,1,1,47.4,60.0,45.3,54.7,3,1,13,11,2,1,0,0,2021,0,Draw
465,2021-12-11,5:30pm,Carrow Road,a,27066.0,22,0,3,1,47.2,52.8,11,13,5,5,1,4,5,4,77.5,81.6,0,1,8,6,0,1,55.6,47.6,41.7,58.3,4,5,6,17,1,1,0,0,2021,1,Away win
466,2021-12-11,3:00pm,Anfield,h,53093.0,5,1,7,0,62.3,37.7,20,4,5,0,8,2,7,2,82.0,70.8,1,0,11,3,2,1,47.1,42.9,75.0,25.0,0,4,13,6,1,2,0,0,2021,1,Home win
467,2021-12-11,3:00pm,Stamford Bridge,h,39959.0,12,3,19,2,57.8,42.2,16,12,6,5,5,1,5,6,83.9,73.4,2,1,5,2,1,4,72.2,47.8,66.7,33.3,3,3,9,15,2,5,0,0,2021,5,Home win
468,2021-12-11,3:00pm,Emirates Stadium,h,59653.0,2,3,20,0,61.3,38.7,15,11,5,6,7,2,3,3,79.9,74.1,3,0,9,8,3,1,50.0,33.3,48.8,51.2,6,2,5,9,2,0,0,0,2021,3,Home win
469,2021-12-11,12:30pm,Etihad Stadium,h,52613.0,1,1,13,0,71.0,29.0,24,2,10,1,8,1,6,0,91.0,74.5,2,0,14,1,1,0,72.7,64.3,50.0,50.0,1,8,12,5,3,2,0,1,2021,1,Home win
470,2021-12-10,8:00pm,Gtech Community Stadium,h,16861.0,9,2,21,1,63.4,36.6,14,6,5,2,4,3,5,1,74.2,58.0,1,1,8,2,1,0,60.0,52.9,41.0,59.0,1,3,12,18,4,0,0,0,2021,3,Home win
471,2021-12-06,8:00pm,Goodison Park,h,38906.0,17,2,2,1,36.1,63.9,11,10,5,3,3,4,3,3,69.3,82.7,1,1,3,3,5,1,53.8,21.1,53.3,46.7,2,3,8,12,2,2,0,0,2021,3,Home win
472,2021-12-05,4:30pm,Villa Park,h,41572.0,7,2,18,1,41.1,58.9,13,12,4,5,4,5,5,2,75.5,80.9,4,1,3,6,1,0,61.9,43.8,41.7,58.3,3,2,8,25,1,1,0,0,2021,3,Home win
473,2021-12-05,2:00pm,Tottenham Hotspur Stadium,h,57088.0,8,3,22,0,40.8,59.2,17,10,7,1,8,6,2,3,85.8,88.3,0,1,6,4,2,4,70.0,66.7,50.0,50.0,1,4,11,4,1,2,0,0,2021,3,Home win
474,2021-12-05,2:00pm,Old Trafford,h,73172.0,3,1,11,0,61.3,38.7,16,8,3,2,7,3,6,3,82.3,71.3,0,2,9,6,3,0,45.8,65.2,44.7,55.3,2,2,16,9,2,2,0,0,2021,1,Home win
475,2021-12-05,2:00pm,Elland Road,d,35639.0,19,2,9,2,63.1,36.9,13,9,6,3,4,2,3,4,79.8,68.2,2,2,5,1,7,0,61.1,38.9,48.6,51.4,1,4,11,9,5,3,0,0,2021,4,Draw
476,2021-12-04,5:30pm,Vicarage Road,a,20673.0,21,1,1,3,22.9,77.1,11,26,4,13,6,8,1,5,65.7,91.8,0,5,5,11,0,1,40.0,53.3,47.8,52.2,9,3,11,7,3,0,0,0,2021,4,Away win
477,2021-12-04,3:00pm,Molineux,a,30729.0,13,0,5,1,32.9,67.1,3,17,1,5,2,8,0,4,70.0,84.9,0,1,2,8,7,1,47.6,53.3,26.7,73.3,3,1,4,7,2,2,0,0,2021,1,Away win
478,2021-12-04,3:00pm,"St James' Park, Newcastle",h,51948.0,4,1,23,0,47.8,52.2,19,10,4,1,4,5,11,4,66.5,71.3,1,0,10,3,0,1,69.2,53.3,46.6,53.4,1,3,11,9,1,1,0,0,2021,1,Home win
479,2021-12-04,3:00pm,St. Mary's Stadium,d,28706.0,20,1,6,1,44.4,55.6,14,14,4,4,6,4,4,6,65.3,69.5,2,2,6,2,0,0,75.0,52.4,52.8,47.2,3,3,15,12,4,2,0,0,2021,2,Draw
480,2021-12-04,12:30pm,London Stadium,h,59942.0,14,3,12,2,36.2,63.8,11,19,5,7,6,4,0,8,74.6,86.2,1,1,1,9,3,1,53.8,83.3,54.8,45.2,5,1,10,10,1,3,0,0,2021,5,Home win
481,2021-11-30,8:15pm,Elland Road,h,35558.0,19,1,11,0,61.9,38.1,15,9,3,1,3,4,9,4,79.7,69.6,1,1,7,4,2,0,39.1,42.9,57.1,42.9,1,2,15,15,5,3,0,0,2021,1,Home win
482,2021-11-30,7:30pm,"St James' Park, Newcastle",d,50757.0,4,1,22,1,31.4,68.6,9,16,1,6,6,5,2,5,69.1,87.0,0,1,2,5,0,3,75.0,58.8,31.8,68.2,5,0,8,11,0,0,1,0,2021,2,Draw
483,2021-11-28,4:30pm,Stamford Bridge,d,40041.0,12,1,3,1,65.7,34.3,24,3,6,2,10,1,8,0,86.2,74.2,0,0,15,2,2,1,68.8,71.4,50.0,50.0,1,5,13,14,2,5,0,0,2021,2,Draw
484,2021-11-28,2:00pm,Etihad Stadium,h,53245.0,1,2,14,1,68.5,31.5,19,5,9,3,6,1,4,1,90.4,78.8,2,0,8,4,4,4,53.3,81.3,45.8,54.2,2,6,7,6,2,0,0,0,2021,3,Home win
485,2021-11-28,2:00pm,The King Power Stadium,h,32020.0,18,4,21,2,56.7,43.3,18,17,8,5,4,8,6,4,69.5,61.1,3,2,8,6,5,2,63.6,64.3,56.6,43.4,3,4,5,20,0,0,0,0,2021,6,Home win
486,2021-11-28,2:00pm,Gtech Community Stadium,h,16957.0,9,1,17,0,39.7,60.3,6,14,4,5,2,4,0,5,68.0,83.0,0,1,3,3,0,3,57.9,73.7,32.4,67.6,5,3,8,11,4,3,0,0,2021,1,Home win
487,2021-11-27,5:30pm,Amex Stadium,d,31166.0,6,0,19,0,56.5,43.5,20,11,4,4,14,5,2,2,78.0,70.2,2,1,6,1,2,1,72.7,50.0,54.8,45.2,4,4,12,14,1,3,0,0,2021,0,Draw
488,2021-11-27,3:00pm,Carrow Road,d,26911.0,22,0,13,0,43.1,56.9,14,5,4,2,7,3,3,0,84.0,85.7,2,0,4,3,1,0,73.9,33.3,42.1,57.9,2,4,11,10,2,2,0,0,2021,0,Draw
489,2021-11-27,3:00pm,Anfield,h,53040.0,5,4,20,0,64.5,35.5,20,7,6,3,9,1,5,3,80.3,68.3,3,1,5,7,2,2,76.9,37.5,41.2,58.8,3,2,7,14,0,1,0,0,2021,4,Home win
490,2021-11-27,3:00pm,Selhurst Park,a,25203.0,11,1,7,2,63.3,36.7,8,10,3,3,4,5,1,2,86.8,79.4,1,0,7,3,1,0,75.0,75.0,52.0,48.0,1,2,12,10,3,3,0,0,2021,3,Away win
491,2021-11-27,12:30pm,Emirates Stadium,h,59886.0,2,2,4,0,65.6,34.4,24,9,6,5,12,2,6,2,87.2,79.9,4,0,4,4,0,3,57.1,69.2,70.6,29.4,5,4,6,12,1,3,0,0,2021,2,Home win
492,2021-11-20,5:30pm,Anfield,h,53092.0,5,4,2,0,62.5,37.5,19,5,9,3,3,0,7,2,88.4,81.0,4,0,6,1,2,8,57.1,33.3,50.0,50.0,3,5,15,12,2,0,0,0,2021,4,Home win
493,2021-11-20,3:00pm,Molineux,h,30667.0,13,1,14,0,52.4,47.6,15,8,5,3,7,3,3,2,85.3,86.3,2,0,7,3,0,1,76.5,58.3,50.0,50.0,3,4,6,9,1,1,0,0,2021,1,Home win
494,2021-11-20,3:00pm,Vicarage Road,h,21087.0,21,4,3,1,38.7,61.3,20,9,7,3,6,5,7,1,66.9,79.9,2,3,9,3,1,4,59.1,61.5,42.9,57.1,2,3,7,5,2,1,0,1,2021,5,Home win
495,2021-11-20,3:00pm,Carrow Road,h,26885.0,22,2,20,1,37.0,63.0,8,17,4,5,2,4,2,8,67.6,82.9,0,0,5,7,0,1,50.0,80.0,48.9,51.1,4,2,8,9,3,2,0,0,2021,3,Home win
496,2021-11-20,3:00pm,"St James' Park, Newcastle",d,52131.0,4,3,9,3,52.2,47.8,23,10,9,4,9,4,5,2,72.3,67.5,3,1,8,2,0,2,46.2,61.9,63.4,36.6,1,6,13,11,2,2,0,0,2021,6,Draw
497,2021-11-20,3:00pm,Turf Moor,d,18221.0,23,3,11,3,39.5,60.5,15,18,9,8,4,6,2,4,68.5,80.3,1,2,3,6,1,0,73.3,33.3,66.0,34.0,5,6,14,15,2,3,0,0,2021,6,Draw
498,2021-11-20,3:00pm,Villa Park,h,41925.0,7,2,6,0,37.0,63.0,9,6,5,2,1,0,3,4,82.4,89.3,1,1,5,7,1,0,62.5,68.8,36.0,64.0,2,3,7,13,3,3,0,0,2021,2,Home win
499,2021-11-20,12:30pm,The King Power Stadium,a,32192.0,18,0,12,3,38.3,61.7,4,16,3,7,1,7,0,2,73.3,85.0,1,5,3,5,3,4,45.0,86.7,38.1,61.9,4,3,15,8,3,1,0,0,2021,3,Away win
500,2021-11-07,4:30pm,London Stadium,h,59909.0,14,3,5,2,30.9,69.1,7,16,3,5,2,5,2,6,70.6,86.4,2,2,3,2,2,0,37.5,66.7,47.2,52.8,3,1,11,6,1,1,0,0,2021,5,Home win
501,2021-11-07,2:00pm,Elland Road,d,36478.0,19,1,18,1,55.8,44.2,18,9,5,3,9,6,4,0,77.5,71.1,3,0,10,5,1,2,75.0,54.5,31.8,68.2,2,4,12,5,1,1,0,0,2021,2,Draw
502,2021-11-07,2:00pm,Goodison Park,d,39059.0,17,0,8,0,44.8,55.2,12,8,2,0,4,4,6,4,80.8,84.8,0,1,4,2,1,2,59.1,62.5,20.8,79.2,0,2,13,17,2,4,1,0,2021,0,Draw
503,2021-11-07,2:00pm,Emirates Stadium,h,59833.0,2,1,21,0,60.7,39.3,14,7,6,1,5,2,3,4,83.8,72.2,0,1,4,2,3,3,54.5,66.7,66.7,33.3,1,5,6,19,4,2,0,1,2021,1,Home win
504,2021-11-06,5:30pm,Amex Stadium,d,31267.0,6,1,4,1,65.7,34.3,14,6,5,1,6,4,3,1,90.4,79.4,0,0,2,5,1,1,80.0,65.2,55.0,45.0,1,4,16,10,3,4,1,0,2021,2,Draw
505,2021-11-06,3:00pm,Stamford Bridge,d,39798.0,12,1,23,1,69.9,30.1,25,5,4,2,10,2,11,1,86.4,69.1,5,1,14,2,1,4,62.5,52.9,60.5,39.5,1,4,6,9,1,4,0,0,2021,2,Draw
506,2021-11-06,3:00pm,Gtech Community Stadium,a,16837.0,9,1,22,2,64.5,35.5,19,9,7,5,5,3,7,1,77.8,67.4,3,0,6,2,2,3,73.7,43.8,60.3,39.7,4,6,12,13,2,3,0,0,2021,3,Away win
507,2021-11-06,3:00pm,Selhurst Park,h,24390.0,11,2,13,0,59.7,40.3,13,4,6,2,5,2,2,0,83.9,74.4,3,0,4,6,1,1,50.0,62.5,59.3,40.7,2,4,14,13,2,1,0,0,2021,2,Home win
508,2021-11-06,12:30pm,Old Trafford,a,73086.0,3,0,1,2,32.6,67.4,5,16,1,5,3,7,1,4,81.5,91.6,0,1,1,9,4,1,61.1,50.0,47.4,52.6,5,1,9,12,1,2,0,0,2021,2,Away win
509,2021-11-05,8:00pm,St. Mary's Stadium,h,30178.0,20,1,7,0,56.4,43.6,9,14,3,3,4,7,2,4,80.5,71.6,0,0,10,8,0,2,78.6,45.5,45.5,54.5,3,2,12,12,2,2,0,0,2021,1,Home win
510,2021-10-30,5:30pm,Tottenham Hotspur Stadium,a,60356.0,8,0,3,3,58.2,41.8,9,10,0,4,6,2,3,4,85.3,80.5,2,2,10,2,4,1,52.6,70.6,56.7,43.3,1,0,12,14,2,3,0,0,2021,3,Away win
511,2021-10-30,3:00pm,Vicarage Road,a,20869.0,21,0,20,1,38.7,61.3,10,12,4,1,6,6,0,5,66.7,75.5,1,2,5,8,2,0,46.7,66.7,37.5,62.5,0,3,16,6,2,2,0,0,2021,1,Away win
512,2021-10-30,3:00pm,"St James' Park, Newcastle",a,52208.0,4,0,12,3,20.8,79.2,6,19,1,6,2,6,3,7,62.1,90.3,0,2,0,2,1,4,40.0,33.3,53.3,44.7,3,1,14,12,3,2,0,0,2021,3,Away win
513,2021-10-30,3:00pm,Etihad Stadium,a,53014.0,1,0,11,2,67.6,32.4,14,8,3,3,4,4,7,1,85.9,72.4,0,1,7,1,2,5,62.5,61.9,48.1,51.9,1,3,11,11,2,3,1,0,2021,2,Away win
514,2021-10-30,3:00pm,Anfield,d,53197.0,5,2,6,2,58.4,41.6,14,9,3,6,5,2,6,1,86.1,77.8,2,2,5,3,1,5,50.0,50.0,50.0,50.0,4,1,8,5,2,2,0,0,2021,4,Draw
515,2021-10-30,3:00pm,Turf Moor,h,18821.0,23,3,9,1,40.6,59.4,15,12,6,5,9,3,0,4,68.8,76.4,4,0,4,2,3,4,62.5,83.3,54.1,45.9,3,2,7,10,1,1,0,0,2021,4,Home win
516,2021-10-30,12:30pm,The King Power Stadium,a,32209.0,18,0,2,2,64.3,35.7,16,9,8,5,5,1,3,3,87.1,76.6,3,1,7,6,2,1,54.5,42.9,60.0,40.0,4,8,8,11,2,0,0,0,2021,2,Away win
517,2021-10-24,4:30pm,Old Trafford,a,73088.0,3,0,5,5,36.8,63.2,12,19,4,8,6,5,2,6,81.7,89.1,2,5,6,3,7,0,60.0,63.6,60.9,39.1,3,3,10,8,6,0,1,0,2021,5,Away win
518,2021-10-24,2:00pm,London Stadium,h,59924.0,14,1,8,0,37.7,62.3,13,7,4,4,5,2,4,1,79.4,85.2,2,1,2,4,1,0,56.5,53.3,42.3,57.7,4,3,11,4,2,1,0,0,2021,1,Home win
519,2021-10-24,2:00pm,Gtech Community Stadium,a,16814.0,9,1,18,2,54.4,45.6,15,10,5,6,6,3,4,1,76.4,73.9,1,1,9,2,3,1,60.0,50.0,50.0,50.0,4,4,13,7,1,1,0,0,2021,3,Away win
520,2021-10-18,8:00pm,Emirates Stadium,d,59475.0,2,2,11,2,53.6,46.4,17,9,6,6,7,3,4,0,87.1,84.6,1,0,6,4,0,3,52.9,72.7,28.6,71.4,4,4,7,4,1,1,0,0,2021,4,Draw
521,2021-10-17,4:30pm,"St James' Park, Newcastle",a,52214.0,4,2,8,3,35.5,64.5,7,14,1,4,4,3,2,7,79.3,88.1,1,2,2,9,0,1,61.5,51.9,65.7,34.3,1,0,13,4,4,1,1,0,2021,5,Away win
522,2021-10-17,2:00pm,Goodison Park,a,39132.0,17,0,14,1,39.0,61.0,15,16,2,4,9,4,4,8,73.1,83.9,1,1,7,9,0,2,63.2,61.5,60.6,39.4,3,2,3,3,0,2,0,0,2021,1,Away win
523,2021-10-16,5:30pm,Gtech Community Stadium,a,16940.0,9,0,12,1,43.9,56.1,17,5,7,1,3,3,7,1,75.3,84.8,1,0,5,5,1,4,43.8,35.0,67.3,32.7,0,6,13,8,1,1,0,0,2021,1,Away win
524,2021-10-16,3:00pm,St. Mary's Stadium,h,30506.0,20,1,19,0,45.3,54.7,19,3,5,0,12,2,2,1,76.2,76.8,1,0,8,1,1,2,68.2,66.7,58.8,41.2,0,3,16,14,2,3,0,0,2021,1,Home win
525,2021-10-16,3:00pm,Carrow Road,d,26777.0,22,0,6,0,35.1,64.9,15,11,3,3,5,4,7,4,69.9,84.0,1,1,8,4,0,0,88.9,63.2,40.0,60.0,3,2,5,14,3,5,0,0,2021,0,Draw
526,2021-10-16,3:00pm,Etihad Stadium,h,52711.0,1,2,23,0,70.6,29.4,15,7,6,2,5,4,4,1,89.5,71.7,1,2,6,2,0,3,54.5,76.5,39.3,60.7,2,4,11,5,1,0,0,0,2021,2,Home win
527,2021-10-16,3:00pm,The King Power Stadium,h,32219.0,18,4,3,2,48.8,51.2,22,18,11,6,6,9,5,3,85.2,86.1,2,1,4,3,2,3,58.3,57.1,57.9,42.1,4,7,5,17,0,3,0,0,2021,6,Home win
528,2021-10-16,3:00pm,Villa Park,a,41951.0,7,2,13,3,48.3,51.7,14,9,5,4,7,3,2,2,80.3,80.0,2,3,6,7,1,2,58.3,57.1,53.8,46.2,1,3,8,17,2,3,0,0,2021,5,Away win
529,2021-10-16,12:30pm,Vicarage Road,a,21085.0,21,0,5,5,23.8,76.2,6,19,2,8,3,6,1,5,65.5,87.1,0,4,1,9,8,2,71.4,44.4,65.5,34.5,4,2,4,10,0,0,0,0,2021,5,Away win
530,2021-09-27,8:00pm,Selhurst Park,d,22975.0,11,1,6,1,46.9,53.1,8,8,3,4,2,2,3,2,83.1,82.5,1,2,6,5,1,0,52.9,65.5,31.8,68.2,3,2,12,10,2,5,0,0,2021,2,Draw
531,2021-09-26,4:30pm,Emirates Stadium,h,59919.0,2,3,8,1,46.6,53.4,12,10,7,4,4,5,1,1,82.8,85.2,1,2,4,4,2,4,68.2,78.6,57.7,42.3,3,4,12,13,2,1,0,0,2021,4,Home win
532,2021-09-26,2:00pm,St. Mary's Stadium,a,28002.0,20,0,13,1,57.0,43.0,18,5,6,3,5,0,7,2,83.7,73.9,0,2,5,5,3,1,69.2,50.0,48.3,51.7,2,6,12,8,0,0,0,0,2021,1,Away win
533,2021-09-25,5:30pm,Gtech Community Stadium,d,16876.0,9,3,5,3,32.7,67.3,12,16,4,6,6,6,2,4,66.8,82.9,3,4,2,11,4,4,42.9,63.6,52.1,47.9,3,0,8,7,1,1,0,0,2021,6,Draw
534,2021-09-25,3:00pm,Vicarage Road,d,20650.0,21,1,4,1,52.2,47.8,15,20,4,6,6,8,5,6,76.9,76.4,1,3,5,6,1,1,53.8,54.5,41.5,58.5,5,3,19,12,4,3,0,0,2021,2,Draw
535,2021-09-25,3:00pm,The King Power Stadium,d,31650.0,18,2,23,2,67.1,32.9,22,9,5,3,6,4,11,2,83.7,67.5,2,0,8,4,1,4,82.4,38.5,52.6,47.4,2,2,10,8,2,4,0,0,2021,4,Draw
536,2021-09-25,3:00pm,Elland Road,a,36417.0,19,1,14,2,53.5,46.5,15,20,5,7,4,9,6,4,81.2,78.4,1,2,5,7,2,0,56.3,60.0,50.0,50.0,5,4,10,6,3,2,0,0,2021,3,Away win
537,2021-09-25,3:00pm,Goodison Park,h,38821.0,17,2,22,0,46.8,53.2,11,10,4,2,3,5,4,3,82.1,83.4,2,1,6,4,1,0,44.4,41.7,36.4,63.6,2,2,12,9,2,3,0,0,2021,2,Home win
538,2021-09-25,12:30pm,Old Trafford,a,72922.0,3,0,7,1,59.6,40.4,28,7,4,3,11,3,13,1,76.5,69.0,1,2,5,5,2,3,66.7,33.3,63.3,36.7,2,4,9,13,2,2,0,0,2021,1,Away win
539,2021-09-25,12:30pm,Stamford Bridge,a,40036.0,12,0,1,1,40.9,59.1,5,15,0,4,1,5,4,6,82.6,88.1,0,2,4,13,3,4,46.2,56.3,66.7,33.3,2,0,12,10,3,2,0,0,2021,1,Away win
540,2021-09-19,4:30pm,Tottenham Hotspur Stadium,a,60059.0,8,0,12,3,47.0,53.0,8,20,2,10,4,3,2,7,82.3,87.0,1,3,5,11,0,1,60.0,53.3,40.0,60.0,6,2,4,15,0,1,0,0,2021,3,Away win
541,2021-09-19,2:00pm,London Stadium,a,59958.0,14,1,3,2,39.9,60.1,13,17,4,10,5,4,4,3,83.5,90.1,1,2,2,11,2,0,50.0,64.3,57.1,42.9,8,3,5,8,0,0,0,0,2021,3,Away win
542,2021-09-19,2:00pm,Amex Stadium,h,31078.0,6,2,18,1,37.1,62.9,12,14,5,3,4,5,3,6,76.1,85.8,0,1,4,9,3,2,68.4,52.9,62.1,37.9,2,3,8,10,2,1,0,0,2021,3,Home win
543,2021-09-18,5:30pm,Villa Park,h,41888.0,7,3,17,0,55.6,44.4,15,11,3,1,6,5,6,5,80.2,73.5,0,1,5,4,0,2,70.0,45.5,60.0,40.0,1,1,7,10,1,1,0,0,2021,3,Home win
544,2021-09-18,3:00pm,Carrow Road,a,26649.0,22,1,21,3,48.7,51.3,12,12,5,8,3,3,4,1,81.1,79.0,1,5,4,8,1,0,64.7,54.5,54.5,45.5,5,4,10,14,1,1,0,0,2021,4,Away win
545,2021-09-18,3:00pm,Etihad Stadium,d,52698.0,1,0,20,0,63.9,36.1,16,10,1,2,8,2,7,6,87.2,74.9,2,0,8,5,4,0,76.9,52.4,59.5,40.5,2,1,5,12,0,2,0,0,2021,0,Draw
546,2021-09-18,3:00pm,Anfield,h,52985.0,5,3,11,0,59.9,40.1,25,13,10,2,5,5,10,6,84.1,76.2,2,2,10,5,1,3,52.4,62.5,75.0,25.0,2,7,17,11,3,1,0,0,2021,3,Home win
547,2021-09-18,3:00pm,Turf Moor,a,21944.0,23,0,2,1,45.0,55.0,18,13,3,3,10,4,5,6,74.2,80.3,0,0,8,3,4,2,38.5,44.4,56.9,43.1,2,3,9,8,2,1,0,0,2021,1,Away win
548,2021-09-18,12:30pm,Molineux,a,29724.0,13,0,9,2,61.9,38.1,11,9,0,3,8,5,3,1,84.0,74.7,2,1,4,2,2,2,44.4,60.0,46.2,53.8,1,0,10,7,4,2,0,1,2021,2,Away win
549,2021-09-17,8:00pm,"St James' Park, Newcastle",d,50407.0,4,1,19,1,35.4,64.6,17,22,7,9,8,9,2,4,70.1,85.0,1,0,4,5,1,1,58.8,47.4,60.9,39.1,9,6,9,11,2,2,0,0,2021,2,Draw
550,2021-09-13,8:00pm,Goodison Park,h,38354.0,17,3,23,1,51.7,48.3,14,11,6,6,4,3,4,2,74.0,68.0,2,3,4,6,2,2,60.0,70.0,54.2,45.8,5,3,3,6,1,1,0,0,2021,4,Home win
551,2021-09-12,6:30pm,Elland Road,a,36507.0,19,0,5,3,44.1,55.9,9,30,4,9,4,6,1,15,81.2,86.6,0,5,2,11,2,4,50.0,62.5,46.7,53.3,5,4,9,8,2,1,1,0,2021,3,Away win
552,2021-09-11,5:30pm,Stamford Bridge,h,39969.0,12,3,7,0,56.8,43.2,12,18,4,6,6,3,2,9,83.2,78.5,1,1,4,11,2,1,40.0,75.0,53.3,46.7,6,1,11,11,1,4,0,0,2021,3,Home win
553,2021-09-11,3:00pm,Vicarage Road,a,20019.0,21,0,13,2,44.0,56.0,6,14,2,5,4,6,0,3,82.7,88.2,0,4,0,8,1,2,55.0,68.4,70.6,79.4,4,2,15,13,3,3,0,0,2021,2,Away win
554,2021-09-11,3:00pm,St. Mary's Stadium,d,27861.0,20,0,14,0,41.8,58.2,11,13,3,3,5,3,3,7,79.5,86.5,0,0,5,4,0,2,50.0,35.7,51.5,48.5,3,2,10,12,3,1,0,1,2021,0,Draw
555,2021-09-11,3:00pm,Old Trafford,a,72732.0,3,4,4,1,64.1,35.9,21,12,7,3,9,6,5,3,90.2,81.9,4,1,7,3,1,3,57.9,58.8,53.8,46.2,2,2,9,2,1,0,0,0,2021,5,Home win
556,2021-09-11,3:00pm,The King Power Stadium,a,32087.0,18,0,1,1,39.5,60.5,6,25,1,8,3,7,2,10,81.0,89.9,1,2,5,8,2,4,55.6,50.0,60.0,40.0,7,2,4,11,1,2,0,0,2021,1,Away win
557,2021-09-11,3:00pm,Gtech Community Stadium,a,16518.0,9,0,6,1,41.3,58.7,7,4,1,2,6,1,0,1,74.4,79.8,1,0,1,6,0,2,81.0,68.8,57.7,42.3,1,1,9,12,3,2,0,0,2021,1,Away win
558,2021-09-11,3:00pm,Emirates Stadium,h,59337.0,2,1,22,0,51.9,48.1,30,10,7,1,13,3,10,6,83.5,78.4,2,0,8,4,2,0,68.8,65.0,54.3,45.7,1,5,9,11,1,2,0,0,2021,1,Home win
559,2021-09-11,12:30pm,Selhurst Park,h,22740.0,11,3,8,0,62.3,37.7,18,2,4,1,7,1,7,0,82.7,73.6,1,0,8,2,0,0,76.5,62.5,40.0,60.0,1,1,13,15,2,1,0,1,2021,3,Home win
560,2021-08-29,4:30pm,Molineux,a,30621.0,13,0,3,1,44.1,55.9,15,10,6,3,6,5,3,2,81.7,86.6,1,1,5,7,5,4,56.3,62.5,57.7,42.3,2,5,7,9,3,4,0,0,2021,1,Away win
561,2021-08-29,2:00pm,Tottenham Hotspur Stadium,h,57672.0,8,1,21,0,57.6,42.4,15,9,8,2,4,4,3,3,87.8,81.6,0,0,10,3,2,1,57.9,68.8,56.5,43.5,2,7,8,14,3,3,0,0,2021,1,Home win
562,2021-08-29,2:00pm,Turf Moor,d,18665.0,23,1,19,1,35.9,64.1,12,12,3,2,5,5,4,5,68.0,81.8,2,1,5,5,2,2,69.6,58.8,64.0,36.0,1,2,13,9,4,3,0,0,2021,2,Draw
563,2021-08-28,5:30pm,Anfield,d,53100.0,5,1,12,1,65.7,34.3,24,6,7,3,12,1,5,2,86.0,72.4,2,0,12,3,0,2,56.3,46.2,61.8,38.2,2,6,13,4,0,2,0,1,2021,2,Draw
564,2021-08-28,3:00pm,London Stadium,d,59751.0,14,2,11,2,45.7,54.3,14,9,4,2,3,3,7,4,78.0,82.3,1,2,5,3,1,2,31.3,61.5,34.1,65.9,0,2,10,7,1,0,0,0,2021,4,Draw
565,2021-08-28,3:00pm,Carrow Road,a,26765.0,22,1,18,2,44.3,55.7,14,9,4,3,6,5,4,1,77.2,77.3,1,1,9,9,2,2,83.3,70.6,48.1,51.9,1,3,8,9,2,1,0,0,2021,3,Away win
566,2021-08-28,3:00pm,"St James' Park, Newcastle",d,44017.0,4,2,20,2,36.3,63.7,10,22,5,6,5,7,0,9,69.3,85.9,1,2,4,4,5,0,58.1,66.7,53.3,46.7,4,2,11,6,3,3,0,0,2021,4,Draw
567,2021-08-28,3:00pm,Amex Stadium,a,30548.0,6,0,17,2,65.6,34.4,14,14,3,5,5,4,6,5,86.4,77.1,0,0,4,5,1,0,64.0,58.8,47.1,52.9,3,3,7,9,1,2,0,0,2021,2,Away win
568,2021-08-28,3:00pm,Villa Park,d,42045.0,7,1,9,1,46.5,53.5,7,9,5,2,2,2,0,5,73.9,76.8,1,2,3,2,1,2,46.2,75.0,51.2,48.8,1,4,15,14,3,3,0,0,2021,2,Draw
569,2021-08-28,12:30pm,Etihad Stadium,h,52276.0,1,5,2,0,80.4,19.6,25,1,10,0,5,1,10,0,91.5,67.6,6,0,14,0,1,3,71.4,66.7,59.1,40.9,0,5,5,7,1,2,0,1,2021,5,Home win
570,2021-08-15,4:30pm,Tottenham Hotspur Stadium,h,58262.0,8,1,1,0,34.4,65.6,13,18,3,4,5,9,5,5,77.5,85.6,0,2,3,11,3,1,60.0,68.8,42.4,57.6,4,1,11,8,2,1,0,0,2021,1,Home win
571,2021-08-15,2:00pm,"St James' Park, Newcastle",a,50673.0,4,2,14,4,46.4,53.6,17,18,3,9,7,4,7,5,84.8,85.6,1,4,7,6,1,2,62.5,60.9,37.5,62.5,4,1,4,3,1,0,0,0,2021,6,Away win
572,2021-08-14,5:30pm,Carrow Road,a,27023.0,22,0,5,3,50.1,49.9,14,19,3,8,8,7,3,4,84.8,84.4,1,4,3,11,2,0,68.4,50.0,36.4,63.6,3,3,4,14,1,1,0,0,2021,3,Away win
573,2021-08-14,3:00pm,Vicarage Road,h,20051.0,21,3,7,2,37.9,62.1,13,11,7,2,4,6,2,3,73.8,85.6,1,0,2,4,0,2,40.0,84.6,58.5,41.5,0,4,18,13,3,1,0,0,2021,5,Home win
574,2021-08-14,3:00pm,The King Power Stadium,h,31983.0,18,1,13,0,56.3,43.7,9,17,5,3,3,7,1,7,86.5,82.6,0,1,5,4,5,4,73.3,50.0,45.5,54.5,3,4,6,10,1,2,0,0,2021,1,Home win
575,2021-08-14,3:00pm,Goodison Park,h,38487.0,17,3,20,1,48.1,51.9,14,6,6,3,5,2,3,2,69.7,69.2,3,1,6,8,0,0,39.1,57.1,56.8,43.2,2,3,13,15,2,0,0,0,2021,4,Home win
576,2021-08-14,3:00pm,Stamford Bridge,h,38965.0,12,3,11,0,61.7,38.3,13,4,6,1,5,2,2,1,91.9,85.8,0,0,5,2,0,1,42.9,63.6,31.8,68.2,1,3,15,11,0,0,0,0,2021,3,Home win
577,2021-08-14,3:00pm,Turf Moor,a,16910.0,23,1,6,2,35.9,64.1,14,14,3,8,8,4,3,2,69.9,81.9,1,3,7,6,1,0,75.0,56.3,56.5,43.5,4,2,10,7,2,1,0,0,2021,3,Away win
578,2021-08-14,12:30pm,Old Trafford,h,72732.0,3,5,19,1,48.6,51.4,16,10,8,3,5,6,3,1,79.1,78.3,3,2,5,4,2,3,66.7,56.5,55.0,45.0,2,3,11,9,1,2,0,0,2021,6,Home win
579,2021-08-13,8:00pm,Gtech Community Stadium,h,16479.0,9,2,2,0,35.3,64.7,8,22,3,4,5,14,0,4,65.0,85.9,1,0,2,5,1,1,60.0,33.3,45.9,54.1,4,1,12,8,0,0,0,0,2021,2,Home win
